,시장,티커,종목이름
0,KOSPI,095570,AJ네트웍스
1,KOSPI,006840,AK홀딩스
2,KOSPI,027410,BGF
3,KOSPI,282330,BGF리테일
4,KOSPI,138930,BNK금융지주
5,KOSPI,001460,BYC
6,KOSPI,001465,BYC우
7,KOSPI,001040,CJ
8,KOSPI,079160,CJ CGV
9,KOSPI,00104K,CJ4우(전환)
10,KOSPI,000120,CJ대한통운
11,KOSPI,011150,CJ씨푸드
12,KOSPI,011155,CJ씨푸드1우
13,KOSPI,001045,CJ우
14,KOSPI,097950,CJ제일제당
15,KOSPI,097955,CJ제일제당 우
16,KOSPI,000590,CS홀딩스
17,KOSPI,012030,DB
18,KOSPI,016610,DB금융투자
19,KOSPI,005830,DB손해보험
20,KOSPI,000990,DB하이텍
21,KOSPI,000995,DB하이텍1우
22,KOSPI,139130,DGB금융지주
23,KOSPI,001530,DI동일
24,KOSPI,000210,DL
25,KOSPI,001880,DL건설
26,KOSPI,000215,DL우
27,KOSPI,375500,DL이앤씨
28,KOSPI,37550K,DL이앤씨우
29,KOSPI,004840,DRB동일
30,KOSPI,155660,DSR
31,KOSPI,069730,DSR제강
32,KOSPI,017940,E1
33,KOSPI,365550,ESR켄달스퀘어리츠
34,KOSPI,383220,F&F
35,KOSPI,007700,F&F홀딩스
36,KOSPI,114090,GKL
37,KOSPI,078930,GS
38,KOSPI,006360,GS건설
39,KOSPI,001250,GS글로벌
40,KOSPI,007070,GS리테일
41,KOSPI,078935,GS우
42,KOSPI,012630,HDC
43,KOSPI,039570,HDC아이콘트롤스
44,KOSPI,089470,HDC현대EP
45,KOSPI,294870,HDC현대산업개발
46,KOSPI,011200,HMM
47,KOSPI,082740,HSD엔진
48,KOSPI,003560,IHQ
49,KOSPI,175330,JB금융지주
50,KOSPI,234080,JW생명과학
51,KOSPI,001060,JW중외제약
52,KOSPI,001067,JW중외제약2우B
53,KOSPI,001065,JW중외제약우
54,KOSPI,096760,JW홀딩스
55,KOSPI,105560,KB금융
56,KOSPI,002380,KCC
57,KOSPI,344820,KCC글라스
58,KOSPI,009070,KCTC
59,KOSPI,009440,KC그린홀딩스
60,KOSPI,119650,KC코트렐
61,KOSPI,092220,KEC
62,KOSPI,016380,KG동부제철
63,KOSPI,016385,KG동부제철우
64,KOSPI,001390,KG케미칼
65,KOSPI,033180,KH 필룩스
66,KOSPI,001940,KISCO홀딩스
67,KOSPI,025000,KPX케미칼
68,KOSPI,092230,KPX홀딩스
69,KOSPI,000040,KR모터스
70,KOSPI,044450,KSS해운
71,KOSPI,030200,KT
72,KOSPI,033780,KT&G
73,KOSPI,030210,KTB투자증권
74,KOSPI,058850,KTcs
75,KOSPI,058860,KTis
76,KOSPI,093050,LF
77,KOSPI,003550,LG
78,KOSPI,034220,LG디스플레이
79,KOSPI,051900,LG생활건강
80,KOSPI,051905,LG생활건강우
81,KOSPI,003555,LG우
82,KOSPI,032640,LG유플러스
83,KOSPI,011070,LG이노텍
84,KOSPI,066570,LG전자
85,KOSPI,066575,LG전자우
86,KOSPI,037560,LG헬로비전
87,KOSPI,051910,LG화학
88,KOSPI,051915,LG화학우
89,KOSPI,079550,LIG넥스원
90,KOSPI,006260,LS
91,KOSPI,010120,LS ELECTRIC
92,KOSPI,000680,LS네트웍스
93,KOSPI,229640,LS전선아시아
94,KOSPI,001120,LX인터내셔널
95,KOSPI,108670,LX하우시스
96,KOSPI,108675,LX하우시스우
97,KOSPI,383800,LX홀딩스
98,KOSPI,38380K,LX홀딩스1우
99,KOSPI,023150,MH에탄올
100,KOSPI,035420,NAVER
101,KOSPI,181710,NHN
102,KOSPI,005940,NH투자증권
103,KOSPI,005945,NH투자증권우
104,KOSPI,338100,NH프라임리츠
105,KOSPI,034310,NICE
106,KOSPI,008260,NI스틸
107,KOSPI,004250,NPC
108,KOSPI,004255,NPC우
109,KOSPI,010060,OCI
110,KOSPI,178920,PI첨단소재
111,KOSPI,005490,POSCO
112,KOSPI,010950,S-Oil
113,KOSPI,010955,S-Oil우
114,KOSPI,034120,SBS
115,KOSPI,101060,SBS미디어홀딩스
116,KOSPI,005090,SGC에너지
117,KOSPI,001380,SG글로벌
118,KOSPI,004060,SG세계물산
119,KOSPI,001770,SHD
120,KOSPI,002360,SH에너지화학
121,KOSPI,009160,SIMPAC
122,KOSPI,123700,SJM
123,KOSPI,025530,SJM홀딩스
124,KOSPI,034730,SK
125,KOSPI,011790,SKC
126,KOSPI,018670,SK가스
127,KOSPI,001740,SK네트웍스
128,KOSPI,001745,SK네트웍스우
129,KOSPI,006120,SK디스커버리
130,KOSPI,006125,SK디스커버리우
131,KOSPI,210980,SK디앤디
132,KOSPI,068400,SK렌터카
133,KOSPI,302440,SK바이오사이언스
134,KOSPI,326030,SK바이오팜
135,KOSPI,361610,SK아이이테크놀로지
136,KOSPI,03473K,SK우
137,KOSPI,096770,SK이노베이션
138,KOSPI,096775,SK이노베이션우
139,KOSPI,001510,SK증권
140,KOSPI,001515,SK증권우
141,KOSPI,285130,SK케미칼
142,KOSPI,28513K,SK케미칼우
143,KOSPI,017670,SK텔레콤
144,KOSPI,000660,SK하이닉스
145,KOSPI,064960,SNT모티브
146,KOSPI,100840,SNT에너지
147,KOSPI,003570,SNT중공업
148,KOSPI,036530,SNT홀딩스
149,KOSPI,005610,SPC삼립
150,KOSPI,011810,STX
151,KOSPI,077970,STX엔진
152,KOSPI,071970,STX중공업
153,KOSPI,002820,SUN&L
154,KOSPI,084870,TBH글로벌
155,KOSPI,002710,TCC스틸
156,KOSPI,002900,TYM
157,KOSPI,024070,WISCOM
158,KOSPI,037270,YG PLUS
159,KOSPI,000500,가온전선
160,KOSPI,000860,강남제비스코
161,KOSPI,035250,강원랜드
162,KOSPI,011420,갤럭시아에스엠
163,KOSPI,002100,경농
164,KOSPI,009450,경동나비엔
165,KOSPI,267290,경동도시가스
166,KOSPI,012320,경동인베스트
167,KOSPI,000050,경방
168,KOSPI,214390,경보제약
169,KOSPI,012610,경인양행
170,KOSPI,009140,경인전자
171,KOSPI,013580,계룡건설
172,KOSPI,012200,계양전기
173,KOSPI,012205,계양전기우
174,KOSPI,002140,고려산업
175,KOSPI,010130,고려아연
176,KOSPI,002240,고려제강
177,KOSPI,009290,광동제약
178,KOSPI,017040,광명전기
179,KOSPI,017900,광전자
180,KOSPI,037710,광주신세계
181,KOSPI,030610,교보증권
182,KOSPI,339770,교촌에프앤비
183,KOSPI,007690,국도화학
184,KOSPI,005320,국동
185,KOSPI,001140,국보
186,KOSPI,002720,국제약품
187,KOSPI,083420,그린케미칼
188,KOSPI,014530,극동유화
189,KOSPI,014280,금강공업
190,KOSPI,014285,금강공업우
191,KOSPI,008870,금비
192,KOSPI,001570,금양
193,KOSPI,002990,금호건설
194,KOSPI,002995,금호건설우
195,KOSPI,011780,금호석유
196,KOSPI,011785,금호석유우
197,KOSPI,214330,금호에이치티
198,KOSPI,001210,금호전기
199,KOSPI,073240,금호타이어
200,KOSPI,092440,기신정기
201,KOSPI,000270,기아
202,KOSPI,024110,기업은행
203,KOSPI,013700,까뮤이앤씨
204,KOSPI,004540,깨끗한나라
205,KOSPI,004545,깨끗한나라우
206,KOSPI,001260,남광토건
207,KOSPI,008350,남선알미늄
208,KOSPI,008355,남선알미우
209,KOSPI,004270,남성
210,KOSPI,003920,남양유업
211,KOSPI,003925,남양유업우
212,KOSPI,025860,남해화학
213,KOSPI,005720,넥센
214,KOSPI,005725,넥센우
215,KOSPI,002350,넥센타이어
216,KOSPI,002355,넥센타이어1우B
217,KOSPI,003580,넥스트사이언스
218,KOSPI,251270,넷마블
219,KOSPI,090350,노루페인트
220,KOSPI,090355,노루페인트우
221,KOSPI,000320,노루홀딩스
222,KOSPI,000325,노루홀딩스우
223,KOSPI,006280,녹십자
224,KOSPI,005250,녹십자홀딩스
225,KOSPI,005257,녹십자홀딩스2우
226,KOSPI,004370,농심
227,KOSPI,072710,농심홀딩스
228,KOSPI,058730,다스코
229,KOSPI,023590,다우기술
230,KOSPI,145210,다이나믹디자인
231,KOSPI,019680,대교
232,KOSPI,019685,대교우B
233,KOSPI,006370,대구백화점
234,KOSPI,008060,대덕
235,KOSPI,00806K,대덕1우
236,KOSPI,353200,대덕전자
237,KOSPI,35320K,대덕전자1우
238,KOSPI,000490,대동
239,KOSPI,008110,대동전자
240,KOSPI,005750,대림B&Co
241,KOSPI,006570,대림통상
242,KOSPI,001680,대상
243,KOSPI,001685,대상우
244,KOSPI,084690,대상홀딩스
245,KOSPI,084695,대상홀딩스우
246,KOSPI,128820,대성산업
247,KOSPI,117580,대성에너지
248,KOSPI,016710,대성홀딩스
249,KOSPI,003540,대신증권
250,KOSPI,003547,대신증권2우B
251,KOSPI,003545,대신증권우
252,KOSPI,009190,대양금속
253,KOSPI,014160,대영포장
254,KOSPI,047040,대우건설
255,KOSPI,009320,대우부품
256,KOSPI,042660,대우조선해양
257,KOSPI,003090,대웅
258,KOSPI,069620,대웅제약
259,KOSPI,000430,대원강업
260,KOSPI,006340,대원전선
261,KOSPI,006345,대원전선우
262,KOSPI,003220,대원제약
263,KOSPI,024890,대원화성
264,KOSPI,002880,대유에이텍
265,KOSPI,000300,대유플러스
266,KOSPI,012800,대창
267,KOSPI,015230,대창단조
268,KOSPI,001070,대한방직
269,KOSPI,006650,대한유화
270,KOSPI,001440,대한전선
271,KOSPI,084010,대한제강
272,KOSPI,001790,대한제당
273,KOSPI,001795,대한제당우
274,KOSPI,001130,대한제분
275,KOSPI,003490,대한항공
276,KOSPI,003495,대한항공우
277,KOSPI,005880,대한해운
278,KOSPI,003830,대한화섬
279,KOSPI,016090,대현
280,KOSPI,069460,대호에이엘
281,KOSPI,192080,더블유게임즈
282,KOSPI,012510,더존비즈온
283,KOSPI,004830,덕성
284,KOSPI,004835,덕성우
285,KOSPI,024900,덕양산업
286,KOSPI,145720,덴티움
287,KOSPI,002150,도화엔지니어링
288,KOSPI,001230,동국제강
289,KOSPI,023450,동남합성
290,KOSPI,004140,동방
291,KOSPI,007590,동방아그로
292,KOSPI,005960,동부건설
293,KOSPI,005965,동부건설우
294,KOSPI,026960,동서
295,KOSPI,002210,동성제약
296,KOSPI,102260,동성케미컬
297,KOSPI,000640,동아쏘시오홀딩스
298,KOSPI,170900,동아에스티
299,KOSPI,028100,동아지질
300,KOSPI,282690,동아타이어
301,KOSPI,001520,동양
302,KOSPI,001527,동양2우B
303,KOSPI,001529,동양3우B
304,KOSPI,084670,동양고속
305,KOSPI,082640,동양생명
306,KOSPI,001525,동양우
307,KOSPI,008970,동양철관
308,KOSPI,092780,동양피스톤
309,KOSPI,049770,동원F&B
310,KOSPI,018500,동원금속
311,KOSPI,006040,동원산업
312,KOSPI,030720,동원수산
313,KOSPI,014820,동원시스템즈
314,KOSPI,014825,동원시스템즈우
315,KOSPI,163560,동일고무벨트
316,KOSPI,004890,동일산업
317,KOSPI,002690,동일제강
318,KOSPI,000020,동화약품
319,KOSPI,000150,두산
320,KOSPI,000157,두산2우B
321,KOSPI,241560,두산밥캣
322,KOSPI,000155,두산우
323,KOSPI,042670,두산인프라코어
324,KOSPI,034020,두산중공업
325,KOSPI,336260,두산퓨얼셀
326,KOSPI,33626K,두산퓨얼셀1우
327,KOSPI,33626L,두산퓨얼셀2우B
328,KOSPI,016740,두올
329,KOSPI,192650,드림텍
330,KOSPI,024090,디씨엠
331,KOSPI,003160,디아이
332,KOSPI,092200,디아이씨
333,KOSPI,013570,디와이
334,KOSPI,210540,디와이파워
335,KOSPI,007340,디티알오토모티브
336,KOSPI,026890,디피씨
337,KOSPI,115390,락앤락
338,KOSPI,032350,롯데관광개발
339,KOSPI,089860,롯데렌탈
340,KOSPI,330590,롯데리츠
341,KOSPI,000400,롯데손해보험
342,KOSPI,023530,롯데쇼핑
343,KOSPI,004000,롯데정밀화학
344,KOSPI,286940,롯데정보통신
345,KOSPI,280360,롯데제과
346,KOSPI,004990,롯데지주
347,KOSPI,00499K,롯데지주우
348,KOSPI,005300,롯데칠성
349,KOSPI,005305,롯데칠성우
350,KOSPI,011170,롯데케미칼
351,KOSPI,002270,롯데푸드
352,KOSPI,071840,롯데하이마트
353,KOSPI,027740,마니커
354,KOSPI,204320,만도
355,KOSPI,001080,만호제강
356,KOSPI,088980,맥쿼리인프라
357,KOSPI,094800,맵스리얼티1
358,KOSPI,138040,메리츠금융지주
359,KOSPI,008560,메리츠증권
360,KOSPI,000060,메리츠화재
361,KOSPI,090370,메타랩스
362,KOSPI,017180,명문제약
363,KOSPI,009900,명신산업
364,KOSPI,012690,모나리자
365,KOSPI,005360,모나미
366,KOSPI,204210,모두투어리츠
367,KOSPI,009680,모토닉
368,KOSPI,009580,무림P&P
369,KOSPI,009200,무림페이퍼
370,KOSPI,033920,무학
371,KOSPI,008420,문배철강
372,KOSPI,025560,미래산업
373,KOSPI,007120,미래아이앤지
374,KOSPI,357250,미래에셋맵스리츠
375,KOSPI,085620,미래에셋생명
376,KOSPI,006800,미래에셋증권
377,KOSPI,00680K,미래에셋증권2우B
378,KOSPI,006805,미래에셋증권우
379,KOSPI,002840,미원상사
380,KOSPI,268280,미원에스씨
381,KOSPI,107590,미원홀딩스
382,KOSPI,134380,미원화학
383,KOSPI,003650,미창석유
384,KOSPI,155900,바다로19호
385,KOSPI,003610,방림
386,KOSPI,001340,백광산업
387,KOSPI,035150,백산
388,KOSPI,002410,범양건영
389,KOSPI,096300,베트남개발1
390,KOSPI,007210,벽산
391,KOSPI,002760,보락
392,KOSPI,003850,보령제약
393,KOSPI,000890,보해양조
394,KOSPI,003000,부광약품
395,KOSPI,001270,부국증권
396,KOSPI,001275,부국증권우
397,KOSPI,026940,부국철강
398,KOSPI,015350,부산가스
399,KOSPI,011390,부산산업
400,KOSPI,005030,부산주공
401,KOSPI,002070,비비안
402,KOSPI,100220,비상교육
403,KOSPI,030790,비케이탑스
404,KOSPI,005180,빙그레
405,KOSPI,003960,사조대림
406,KOSPI,008040,사조동아원
407,KOSPI,007160,사조산업
408,KOSPI,014710,사조씨푸드
409,KOSPI,006090,사조오양
410,KOSPI,001470,삼부토건
411,KOSPI,006400,삼성SDI
412,KOSPI,006405,삼성SDI우
413,KOSPI,006660,삼성공조
414,KOSPI,028260,삼성물산
415,KOSPI,02826K,삼성물산우B
416,KOSPI,207940,삼성바이오로직스
417,KOSPI,032830,삼성생명
418,KOSPI,018260,삼성에스디에스
419,KOSPI,028050,삼성엔지니어링
420,KOSPI,009150,삼성전기
421,KOSPI,009155,삼성전기우
422,KOSPI,005930,삼성전자
423,KOSPI,005935,삼성전자우
424,KOSPI,001360,삼성제약
425,KOSPI,010140,삼성중공업
426,KOSPI,010145,삼성중공우
427,KOSPI,016360,삼성증권
428,KOSPI,068290,삼성출판사
429,KOSPI,029780,삼성카드
430,KOSPI,000810,삼성화재
431,KOSPI,000815,삼성화재우
432,KOSPI,006110,삼아알미늄
433,KOSPI,145990,삼양사
434,KOSPI,145995,삼양사우
435,KOSPI,003230,삼양식품
436,KOSPI,002170,삼양통상
437,KOSPI,272550,삼양패키징
438,KOSPI,000070,삼양홀딩스
439,KOSPI,000075,삼양홀딩스우
440,KOSPI,002810,삼영무역
441,KOSPI,005680,삼영전자
442,KOSPI,003720,삼영화학
443,KOSPI,023000,삼원강재
444,KOSPI,004380,삼익THK
445,KOSPI,002450,삼익악기
446,KOSPI,004440,삼일씨엔에스
447,KOSPI,000520,삼일제약
448,KOSPI,009770,삼정펄프
449,KOSPI,005500,삼진제약
450,KOSPI,004690,삼천리
451,KOSPI,010960,삼호개발
452,KOSPI,004450,삼화왕관
453,KOSPI,009470,삼화전기
454,KOSPI,011230,삼화전자
455,KOSPI,001820,삼화콘덴서
456,KOSPI,000390,삼화페인트
457,KOSPI,001290,상상인증권
458,KOSPI,041650,상신브레이크
459,KOSPI,075180,새론오토모티브
460,KOSPI,007540,샘표
461,KOSPI,248170,샘표식품
462,KOSPI,007860,서연
463,KOSPI,200880,서연이화
464,KOSPI,017390,서울가스
465,KOSPI,004410,서울식품
466,KOSPI,004415,서울식품우
467,KOSPI,021050,서원
468,KOSPI,008490,서흥
469,KOSPI,007610,선도전기
470,KOSPI,136490,선진
471,KOSPI,014910,성문전자
472,KOSPI,014915,성문전자우
473,KOSPI,003080,성보화학
474,KOSPI,004980,성신양회
475,KOSPI,004985,성신양회우
476,KOSPI,011300,성안
477,KOSPI,000180,성창기업지주
478,KOSPI,002420,세기상사
479,KOSPI,004360,세방
480,KOSPI,004365,세방우
481,KOSPI,004490,세방전지
482,KOSPI,001430,세아베스틸
483,KOSPI,306200,세아제강
484,KOSPI,003030,세아제강지주
485,KOSPI,019440,세아특수강
486,KOSPI,058650,세아홀딩스
487,KOSPI,013000,세우글로벌
488,KOSPI,091090,세원이앤씨
489,KOSPI,021820,세원정공
490,KOSPI,067830,세이브존I&C
491,KOSPI,033530,세종공업
492,KOSPI,075580,세진중공업
493,KOSPI,027970,세하
494,KOSPI,308170,센트랄모텍
495,KOSPI,012600,센트럴인사이트
496,KOSPI,068270,셀트리온
497,KOSPI,336370,솔루스첨단소재
498,KOSPI,33637K,솔루스첨단소재1우
499,KOSPI,33637L,솔루스첨단소재2우B
500,KOSPI,248070,솔루엠
501,KOSPI,004430,송원산업
502,KOSPI,017550,수산중공업
503,KOSPI,053210,스카이라이프
504,KOSPI,134790,시디즈
505,KOSPI,016590,신대양제지
506,KOSPI,029530,신도리코
507,KOSPI,004970,신라교역
508,KOSPI,011930,신성이엔지
509,KOSPI,005390,신성통상
510,KOSPI,004170,신세계
511,KOSPI,035510,신세계 I&C
512,KOSPI,034300,신세계건설
513,KOSPI,031430,신세계인터내셔날
514,KOSPI,031440,신세계푸드
515,KOSPI,006880,신송홀딩스
516,KOSPI,005800,신영와코루
517,KOSPI,001720,신영증권
518,KOSPI,001725,신영증권우
519,KOSPI,009270,신원
520,KOSPI,009275,신원우
521,KOSPI,002700,신일전자
522,KOSPI,019170,신풍제약
523,KOSPI,019175,신풍제약우
524,KOSPI,002870,신풍제지
525,KOSPI,293940,신한알파리츠
526,KOSPI,055550,신한지주
527,KOSPI,004080,신흥
528,KOSPI,102280,쌍방울
529,KOSPI,003410,쌍용C&E
530,KOSPI,003620,쌍용차
531,KOSPI,004770,써니전자
532,KOSPI,015540,쎌마테라퓨틱스
533,KOSPI,004920,씨아이테크
534,KOSPI,112610,씨에스윈드
535,KOSPI,008700,아남전자
536,KOSPI,002790,아모레G
537,KOSPI,00279K,아모레G3우(전환)
538,KOSPI,002795,아모레G우
539,KOSPI,090430,아모레퍼시픽
540,KOSPI,090435,아모레퍼시픽우
541,KOSPI,002030,아세아
542,KOSPI,183190,아세아시멘트
543,KOSPI,002310,아세아제지
544,KOSPI,012170,아센디오
545,KOSPI,267850,아시아나IDT
546,KOSPI,020560,아시아나항공
547,KOSPI,122900,아이마켓코리아
548,KOSPI,010780,아이에스동서
549,KOSPI,139990,아주스틸
550,KOSPI,001780,알루코
551,KOSPI,018250,애경산업
552,KOSPI,161000,애경유화
553,KOSPI,011090,에넥스
554,KOSPI,137310,에스디바이오센서
555,KOSPI,005850,에스엘
556,KOSPI,012750,에스원
557,KOSPI,023960,에쓰씨엔지니어링
558,KOSPI,298690,에어부산
559,KOSPI,140910,에이리츠
560,KOSPI,078520,에이블씨엔씨
561,KOSPI,015260,에이엔피
562,KOSPI,007460,에이프로젠 MED
563,KOSPI,003060,에이프로젠제약
564,KOSPI,244920,에이플러스에셋
565,KOSPI,036570,엔씨소프트
566,KOSPI,138250,엔에스쇼핑
567,KOSPI,380440,엔에이치스팩19호
568,KOSPI,085310,엔케이
569,KOSPI,009810,엔케이물산
570,KOSPI,900140,엘브이엠씨홀딩스
571,KOSPI,097520,엠씨넥스
572,KOSPI,014440,영보화학
573,KOSPI,111770,영원무역
574,KOSPI,009970,영원무역홀딩스
575,KOSPI,003520,영진약품
576,KOSPI,000670,영풍
577,KOSPI,006740,영풍제지
578,KOSPI,012280,영화금속
579,KOSPI,012160,영흥
580,KOSPI,015360,예스코홀딩스
581,KOSPI,007310,오뚜기
582,KOSPI,002630,오리엔트바이오
583,KOSPI,271560,오리온
584,KOSPI,001800,오리온홀딩스
585,KOSPI,011690,와이투솔루션
586,KOSPI,070960,용평리조트
587,KOSPI,316140,우리금융지주
588,KOSPI,033660,우리금융캐피탈
589,KOSPI,118000,우리들휴브레인
590,KOSPI,010050,우리종금
591,KOSPI,006980,우성사료
592,KOSPI,017370,우신시스템
593,KOSPI,105840,우진
594,KOSPI,010400,우진아이엔에스
595,KOSPI,049800,우진플라임
596,KOSPI,016880,웅진
597,KOSPI,095720,웅진씽크빅
598,KOSPI,005820,원림
599,KOSPI,010600,웰바이오텍
600,KOSPI,008600,윌비스
601,KOSPI,033270,유나이티드제약
602,KOSPI,014830,유니드
603,KOSPI,000910,유니온
604,KOSPI,047400,유니온머티리얼
605,KOSPI,011330,유니켐
606,KOSPI,077500,유니퀘스트
607,KOSPI,002920,유성기업
608,KOSPI,000700,유수홀딩스
609,KOSPI,003470,유안타증권
610,KOSPI,003475,유안타증권우
611,KOSPI,072130,유엔젤
612,KOSPI,000220,유유제약
613,KOSPI,000225,유유제약1우
614,KOSPI,000227,유유제약2우B
615,KOSPI,001200,유진투자증권
616,KOSPI,000100,유한양행
617,KOSPI,000105,유한양행우
618,KOSPI,003460,유화증권
619,KOSPI,003465,유화증권우
620,KOSPI,008730,율촌화학
621,KOSPI,008250,이건산업
622,KOSPI,025820,이구산업
623,KOSPI,214320,이노션
624,KOSPI,088260,이리츠코크렙
625,KOSPI,139480,이마트
626,KOSPI,007660,이수페타시스
627,KOSPI,005950,이수화학
628,KOSPI,015020,이스타코
629,KOSPI,093230,이아이디
630,KOSPI,074610,이엔플러스
631,KOSPI,102460,이연제약
632,KOSPI,084680,이월드
633,KOSPI,350520,이지스레지던스리츠
634,KOSPI,334890,이지스밸류리츠
635,KOSPI,000760,이화산업
636,KOSPI,014990,인디에프
637,KOSPI,101140,인바이오젠
638,KOSPI,006490,인스코비
639,KOSPI,023800,인지컨트롤스
640,KOSPI,034590,인천도시가스
641,KOSPI,129260,인터지스
642,KOSPI,023810,인팩
643,KOSPI,249420,일동제약
644,KOSPI,000230,일동홀딩스
645,KOSPI,013360,일성건설
646,KOSPI,003120,일성신약
647,KOSPI,003200,일신방직
648,KOSPI,007110,일신석재
649,KOSPI,007570,일양약품
650,KOSPI,007575,일양약품우
651,KOSPI,008500,일정실업
652,KOSPI,081000,일진다이아
653,KOSPI,020760,일진디스플
654,KOSPI,020150,일진머티리얼즈
655,KOSPI,103590,일진전기
656,KOSPI,015860,일진홀딩스
657,KOSPI,226320,잇츠한불
658,KOSPI,317400,자이에스앤디
659,KOSPI,033240,자화전자
660,KOSPI,000950,전방
661,KOSPI,348950,제이알글로벌리츠
662,KOSPI,194370,제이에스코퍼레이션
663,KOSPI,025620,제이준코스메틱
664,KOSPI,036420,제이콘텐트리
665,KOSPI,030000,제일기획
666,KOSPI,271980,제일약품
667,KOSPI,001560,제일연마
668,KOSPI,002620,제일파마홀딩스
669,KOSPI,006220,제주은행
670,KOSPI,089590,제주항공
671,KOSPI,004910,조광페인트
672,KOSPI,004700,조광피혁
673,KOSPI,001550,조비
674,KOSPI,000480,조선내화
675,KOSPI,120030,조선선재
676,KOSPI,018470,조일알미늄
677,KOSPI,002600,조흥
678,KOSPI,185750,종근당
679,KOSPI,063160,종근당바이오
680,KOSPI,001630,종근당홀딩스
681,KOSPI,044380,주연테크
682,KOSPI,013890,지누스
683,KOSPI,013870,지엠비코리아
684,KOSPI,071320,지역난방공사
685,KOSPI,010580,지코
686,KOSPI,035000,지투알
687,KOSPI,088790,진도
688,KOSPI,003780,진양산업
689,KOSPI,010640,진양폴리
690,KOSPI,100250,진양홀딩스
691,KOSPI,051630,진양화학
692,KOSPI,272450,진에어
693,KOSPI,011000,진원생명과학
694,KOSPI,002780,진흥기업
695,KOSPI,002787,진흥기업2우B
696,KOSPI,002785,진흥기업우B
697,KOSPI,009310,참엔지니어링
698,KOSPI,000650,천일고속
699,KOSPI,033250,체시스
700,KOSPI,035720,카카오
701,KOSPI,323410,카카오뱅크
702,KOSPI,006380,카프로
703,KOSPI,109070,컨버즈
704,KOSPI,001620,케이비아이동국실업
705,KOSPI,029460,케이씨
706,KOSPI,281820,케이씨텍
707,KOSPI,145270,케이탑리츠
708,KOSPI,357120,코람코에너지리츠
709,KOSPI,007815,코리아써우
710,KOSPI,007810,코리아써키트
711,KOSPI,00781K,코리아써키트2우B
712,KOSPI,003690,코리안리
713,KOSPI,192820,코스맥스
714,KOSPI,044820,코스맥스비티아이
715,KOSPI,005070,코스모신소재
716,KOSPI,005420,코스모화학
717,KOSPI,071950,코아스
718,KOSPI,002020,코오롱
719,KOSPI,003070,코오롱글로벌
720,KOSPI,003075,코오롱글로벌우
721,KOSPI,144620,코오롱머티리얼
722,KOSPI,002025,코오롱우
723,KOSPI,120110,코오롱인더
724,KOSPI,120115,코오롱인더우
725,KOSPI,138490,코오롱플라스틱
726,KOSPI,021240,코웨이
727,KOSPI,031820,콤텍시스템
728,KOSPI,192400,쿠쿠홀딩스
729,KOSPI,284740,쿠쿠홈시스
730,KOSPI,015590,큐로
731,KOSPI,264900,크라운제과
732,KOSPI,26490K,크라운제과우
733,KOSPI,005740,크라운해태홀딩스
734,KOSPI,005745,크라운해태홀딩스우
735,KOSPI,259960,크래프톤
736,KOSPI,020120,키다리스튜디오
737,KOSPI,039490,키움증권
738,KOSPI,014580,태경비케이
739,KOSPI,015890,태경산업
740,KOSPI,006890,태경케미컬
741,KOSPI,003240,태광산업
742,KOSPI,011280,태림포장
743,KOSPI,004100,태양금속
744,KOSPI,004105,태양금속우
745,KOSPI,009410,태영건설
746,KOSPI,009415,태영건설우
747,KOSPI,001420,태원물산
748,KOSPI,007980,태평양물산
749,KOSPI,055490,테이팩스
750,KOSPI,078000,텔코웨어
751,KOSPI,214420,토니모리
752,KOSPI,019180,티에이치엔
753,KOSPI,363280,티와이홀딩스
754,KOSPI,36328K,티와이홀딩스우
755,KOSPI,091810,티웨이항공
756,KOSPI,004870,티웨이홀딩스
757,KOSPI,005690,파미셀
758,KOSPI,036580,팜스코
759,KOSPI,004720,팜젠사이언스
760,KOSPI,028670,팬오션
761,KOSPI,010820,퍼스텍
762,KOSPI,016800,퍼시스
763,KOSPI,001020,페이퍼코리아
764,KOSPI,090080,평화산업
765,KOSPI,010770,평화홀딩스
766,KOSPI,058430,포스코강판
767,KOSPI,047050,포스코인터내셔널
768,KOSPI,003670,포스코케미칼
769,KOSPI,007630,폴루스바이오팜
770,KOSPI,017810,풀무원
771,KOSPI,103140,풍산
772,KOSPI,005810,풍산홀딩스
773,KOSPI,950210,프레스티지바이오파마
774,KOSPI,086790,하나금융지주
775,KOSPI,293480,하나제약
776,KOSPI,039130,하나투어
777,KOSPI,172580,하이골드12호
778,KOSPI,153360,하이골드3호
779,KOSPI,352820,하이브
780,KOSPI,071090,하이스틸
781,KOSPI,019490,하이트론
782,KOSPI,000080,하이트진로
783,KOSPI,000087,하이트진로2우B
784,KOSPI,000140,하이트진로홀딩스
785,KOSPI,000145,하이트진로홀딩스우
786,KOSPI,152550,한국ANKOR유전
787,KOSPI,036460,한국가스공사
788,KOSPI,005430,한국공항
789,KOSPI,071050,한국금융지주
790,KOSPI,071055,한국금융지주우
791,KOSPI,010040,한국내화
792,KOSPI,025540,한국단자
793,KOSPI,004090,한국석유
794,KOSPI,002200,한국수출포장
795,KOSPI,002960,한국쉘석유
796,KOSPI,000240,한국앤컴퍼니
797,KOSPI,123890,한국자산신탁
798,KOSPI,015760,한국전력
799,KOSPI,006200,한국전자홀딩스
800,KOSPI,009540,한국조선해양
801,KOSPI,023350,한국종합기술
802,KOSPI,025890,한국주강
803,KOSPI,000970,한국주철관
804,KOSPI,104700,한국철강
805,KOSPI,017960,한국카본
806,KOSPI,161890,한국콜마
807,KOSPI,024720,한국콜마홀딩스
808,KOSPI,161390,한국타이어앤테크놀로지
809,KOSPI,034830,한국토지신탁
810,KOSPI,007280,한국특강
811,KOSPI,168490,한국패러랠
812,KOSPI,010100,한국프랜지
813,KOSPI,047810,한국항공우주
814,KOSPI,123690,한국화장품
815,KOSPI,003350,한국화장품제조
816,KOSPI,011500,한농화성
817,KOSPI,002390,한독
818,KOSPI,014790,한라
819,KOSPI,060980,한라홀딩스
820,KOSPI,053690,한미글로벌
821,KOSPI,042700,한미반도체
822,KOSPI,008930,한미사이언스
823,KOSPI,128940,한미약품
824,KOSPI,009240,한샘
825,KOSPI,020000,한섬
826,KOSPI,003680,한성기업
827,KOSPI,105630,한세실업
828,KOSPI,069640,한세엠케이
829,KOSPI,016450,한세예스24홀딩스
830,KOSPI,010420,한솔PNS
831,KOSPI,009180,한솔로지스틱스
832,KOSPI,213500,한솔제지
833,KOSPI,014680,한솔케미칼
834,KOSPI,004710,한솔테크닉스
835,KOSPI,004150,한솔홀딩스
836,KOSPI,025750,한솔홈데코
837,KOSPI,004960,한신공영
838,KOSPI,011700,한신기계
839,KOSPI,001750,한양증권
840,KOSPI,001755,한양증권우
841,KOSPI,018880,한온시스템
842,KOSPI,009420,한올바이오파마
843,KOSPI,014130,한익스프레스
844,KOSPI,300720,한일시멘트
845,KOSPI,002220,한일철강
846,KOSPI,006390,한일현대시멘트
847,KOSPI,003300,한일홀딩스
848,KOSPI,051600,한전KPS
849,KOSPI,052690,한전기술
850,KOSPI,130660,한전산업
851,KOSPI,002320,한진
852,KOSPI,097230,한진중공업
853,KOSPI,003480,한진중공업홀딩스
854,KOSPI,180640,한진칼
855,KOSPI,18064K,한진칼우
856,KOSPI,005110,한창
857,KOSPI,009460,한창제지
858,KOSPI,372910,한컴라이프케어
859,KOSPI,000880,한화
860,KOSPI,00088K,한화3우B
861,KOSPI,088350,한화생명
862,KOSPI,000370,한화손해보험
863,KOSPI,009830,한화솔루션
864,KOSPI,009835,한화솔루션우
865,KOSPI,272210,한화시스템
866,KOSPI,012450,한화에어로스페이스
867,KOSPI,000885,한화우
868,KOSPI,003530,한화투자증권
869,KOSPI,003535,한화투자증권우
870,KOSPI,195870,해성디에스
871,KOSPI,101530,해태제과식품
872,KOSPI,143210,핸즈코퍼레이션
873,KOSPI,000720,현대건설
874,KOSPI,267270,현대건설기계
875,KOSPI,000725,현대건설우
876,KOSPI,005440,현대그린푸드
877,KOSPI,086280,현대글로비스
878,KOSPI,064350,현대로템
879,KOSPI,079430,현대리바트
880,KOSPI,012330,현대모비스
881,KOSPI,010620,현대미포조선
882,KOSPI,069960,현대백화점
883,KOSPI,004560,현대비앤지스틸
884,KOSPI,004565,현대비앤지스틸우
885,KOSPI,004310,현대약품
886,KOSPI,322000,현대에너지솔루션
887,KOSPI,017800,현대엘리베이
888,KOSPI,307950,현대오토에버
889,KOSPI,011210,현대위아
890,KOSPI,267260,현대일렉트릭
891,KOSPI,004020,현대제철
892,KOSPI,267250,현대중공업지주
893,KOSPI,005380,현대차
894,KOSPI,005387,현대차2우B
895,KOSPI,005389,현대차3우B
896,KOSPI,005385,현대차우
897,KOSPI,001500,현대차증권
898,KOSPI,011760,현대코퍼레이션
899,KOSPI,227840,현대코퍼레이션홀딩스
900,KOSPI,126560,현대퓨처넷
901,KOSPI,001450,현대해상
902,KOSPI,057050,현대홈쇼핑
903,KOSPI,093240,형지엘리트
904,KOSPI,003010,혜인
905,KOSPI,111110,호전실업
906,KOSPI,008770,호텔신라
907,KOSPI,008775,호텔신라우
908,KOSPI,002460,화성산업
909,KOSPI,378850,화승알앤에이
910,KOSPI,241590,화승엔터프라이즈
911,KOSPI,006060,화승인더
912,KOSPI,013520,화승코퍼레이션
913,KOSPI,010690,화신
914,KOSPI,133820,화인베스틸
915,KOSPI,010660,화천기계
916,KOSPI,000850,화천기공
917,KOSPI,016580,환인제약
918,KOSPI,032560,황금에스티
919,KOSPI,004800,효성
920,KOSPI,094280,효성ITX
921,KOSPI,298040,효성중공업
922,KOSPI,298050,효성첨단소재
923,KOSPI,298020,효성티앤씨
924,KOSPI,298000,효성화학
925,KOSPI,093370,후성
926,KOSPI,081660,휠라홀딩스
927,KOSPI,005870,휴니드
928,KOSPI,079980,휴비스
929,KOSPI,005010,휴스틸
930,KOSPI,069260,휴켐스
931,KOSPI,000540,흥국화재
932,KOSPI,000547,흥국화재2우B
933,KOSPI,000545,흥국화재우
934,KOSPI,003280,흥아해운
935,KOSDAQ,060310,3S
936,KOSDAQ,054620,APS홀딩스
937,KOSDAQ,265520,AP시스템
938,KOSDAQ,211270,AP위성
939,KOSDAQ,013720,CBI
940,KOSDAQ,035760,CJ ENM
941,KOSDAQ,051500,CJ프레시웨이
942,KOSDAQ,058820,CMG제약
943,KOSDAQ,023460,CNH
944,KOSDAQ,056730,CNT85
945,KOSDAQ,056000,COWON
946,KOSDAQ,065770,CS
947,KOSDAQ,083660,CSA 코스믹
948,KOSDAQ,367340,DB금융스팩8호
949,KOSDAQ,367360,DB금융스팩9호
950,KOSDAQ,068790,DMS
951,KOSDAQ,241520,DSC인베스트먼트
952,KOSDAQ,245620,EDGC
953,KOSDAQ,037370,EG
954,KOSDAQ,079190,EMW
955,KOSDAQ,050120,ES큐브
956,KOSDAQ,130500,GH신소재
957,KOSDAQ,900290,GRT
958,KOSDAQ,083450,GST
959,KOSDAQ,045890,GV
960,KOSDAQ,297890,HB솔루션
961,KOSDAQ,078150,HB테크놀러지
962,KOSDAQ,195940,HK이노엔
963,KOSDAQ,036640,HRS
964,KOSDAQ,335870,IBKS제12호스팩
965,KOSDAQ,351340,IBKS제13호스팩
966,KOSDAQ,351320,IBKS제14호스팩
967,KOSDAQ,373200,IBKS제15호스팩
968,KOSDAQ,095340,ISC
969,KOSDAQ,099520,ITX-AI
970,KOSDAQ,950170,JTC
971,KOSDAQ,067290,JW신약
972,KOSDAQ,035900,JYP Ent.
973,KOSDAQ,024840,KBI메탈
974,KOSDAQ,024120,KB오토시스
975,KOSDAQ,021320,KCC건설
976,KOSDAQ,036670,KCI
977,KOSDAQ,044180,KD
978,KOSDAQ,151860,KG ETS
979,KOSDAQ,046440,KG모빌리언스
980,KOSDAQ,035600,KG이니시스
981,KOSDAQ,226360,KH E&T
982,KOSDAQ,111870,KH 일렉트론
983,KOSDAQ,060720,KH바텍
984,KOSDAQ,122450,KMH
985,KOSDAQ,052900,KMH하이텍
986,KOSDAQ,058400,KNN
987,KOSDAQ,114450,KPX생명과학
988,KOSDAQ,060370,KT서브마린
989,KOSDAQ,108320,LX세미콘
990,KOSDAQ,160550,NEW
991,KOSDAQ,053290,NE능률
992,KOSDAQ,104200,NHN벅스
993,KOSDAQ,060250,NHN한국사이버결제
994,KOSDAQ,030190,NICE평가정보
995,KOSDAQ,078590,OQP
996,KOSDAQ,024940,PN풍년
997,KOSDAQ,218410,RFHIC
998,KOSDAQ,327260,RF머트리얼즈
999,KOSDAQ,091340,S&K폴리텍
1000,KOSDAQ,019550,SBI인베스트먼트
1001,KOSDAQ,950110,SBI핀테크솔루션즈
1002,KOSDAQ,046140,SBS콘텐츠허브
1003,KOSDAQ,036120,SCI평가정보
1004,KOSDAQ,099220,SDN
1005,KOSDAQ,036540,SFA반도체
1006,KOSDAQ,255220,SG
1007,KOSDAQ,040610,SG&G
1008,KOSDAQ,049470,SGA
1009,KOSDAQ,184230,SGA솔루션즈
1010,KOSDAQ,016250,SGC이테크건설
1011,KOSDAQ,337450,SK5호스팩
1012,KOSDAQ,340350,SK6호스팩
1013,KOSDAQ,036490,SK머티리얼즈
1014,KOSDAQ,048550,SM C&C
1015,KOSDAQ,063440,SM Life Design
1016,KOSDAQ,950180,SNK
1017,KOSDAQ,289080,SV인베스트먼트
1018,KOSDAQ,089230,THE E&M
1019,KOSDAQ,161570,THE MIDONG
1020,KOSDAQ,192410,THQ
1021,KOSDAQ,032540,TJ미디어
1022,KOSDAQ,048770,TPC
1023,KOSDAQ,246690,TS인베스트먼트
1024,KOSDAQ,317240,TS트릴리온
1025,KOSDAQ,038340,UCI
1026,KOSDAQ,073570,WI
1027,KOSDAQ,057030,YBM넷
1028,KOSDAQ,040300,YTN
1029,KOSDAQ,051390,YW
1030,KOSDAQ,052220,iMBC
1031,KOSDAQ,079940,가비아
1032,KOSDAQ,078890,가온미디어
1033,KOSDAQ,036620,감성코퍼레이션
1034,KOSDAQ,217730,강스템바이오텍
1035,KOSDAQ,114190,강원
1036,KOSDAQ,094480,갤럭시아머니트리
1037,KOSDAQ,063080,게임빌
1038,KOSDAQ,039240,경남스틸
1039,KOSDAQ,053950,경남제약
1040,KOSDAQ,223310,경남제약헬스케어
1041,KOSDAQ,011040,경동제약
1042,KOSDAQ,024910,경창산업
1043,KOSDAQ,198440,고려시멘트
1044,KOSDAQ,049720,고려신용정보
1045,KOSDAQ,014570,고려제약
1046,KOSDAQ,348150,고바이오랩
1047,KOSDAQ,098460,고영
1048,KOSDAQ,035290,골드앤에스
1049,KOSDAQ,038530,골드퍼시픽
1050,KOSDAQ,900280,골든센츄리
1051,KOSDAQ,215000,골프존
1052,KOSDAQ,121440,골프존뉴딘홀딩스
1053,KOSDAQ,014200,광림
1054,KOSDAQ,026910,광진실업
1055,KOSDAQ,090150,광진윈텍
1056,KOSDAQ,355150,교보10호스팩
1057,KOSDAQ,331520,교보9호스팩
1058,KOSDAQ,053270,구영테크
1059,KOSDAQ,066620,국보디자인
1060,KOSDAQ,043650,국순당
1061,KOSDAQ,006050,국영지앤엠
1062,KOSDAQ,060480,국일신동
1063,KOSDAQ,078130,국일제지
1064,KOSDAQ,307750,국전약품
1065,KOSDAQ,204020,그리티
1066,KOSDAQ,186230,그린플러스
1067,KOSDAQ,900070,글로벌에스엠
1068,KOSDAQ,204620,글로벌텍스프리
1069,KOSDAQ,019660,글로본
1070,KOSDAQ,053260,금강철강
1071,KOSDAQ,036190,금화피에스시
1072,KOSDAQ,049080,기가레인
1073,KOSDAQ,035460,기산텔레콤
1074,KOSDAQ,308100,까스텔바작
1075,KOSDAQ,187790,나노
1076,KOSDAQ,286750,나노브릭
1077,KOSDAQ,151910,나노스
1078,KOSDAQ,121600,나노신소재
1079,KOSDAQ,247660,나노씨엠에스
1080,KOSDAQ,039860,나노엔텍
1081,KOSDAQ,091970,나노캠텍
1082,KOSDAQ,051490,나라엠앤디
1083,KOSDAQ,190510,나무가
1084,KOSDAQ,242040,나무기술
1085,KOSDAQ,089600,나스미디어
1086,KOSDAQ,293580,나우IB
1087,KOSDAQ,138610,나이벡
1088,KOSDAQ,130580,나이스디앤비
1089,KOSDAQ,036800,나이스정보통신
1090,KOSDAQ,267320,나인테크
1091,KOSDAQ,111710,남화산업
1092,KOSDAQ,091590,남화토건
1093,KOSDAQ,168330,내츄럴엔도텍
1094,KOSDAQ,094860,네오리진
1095,KOSDAQ,253590,네오셈
1096,KOSDAQ,212560,네오오토
1097,KOSDAQ,095660,네오위즈
1098,KOSDAQ,042420,네오위즈홀딩스
1099,KOSDAQ,950220,네오이뮨텍(Reg.S)
1100,KOSDAQ,311390,네오크레마
1101,KOSDAQ,085910,네오티스
1102,KOSDAQ,092730,네오팜
1103,KOSDAQ,290660,네오펙트
1104,KOSDAQ,306620,네온테크
1105,KOSDAQ,153460,네이블
1106,KOSDAQ,007390,네이처셀
1107,KOSDAQ,033640,네패스
1108,KOSDAQ,330860,네패스아크
1109,KOSDAQ,089140,넥스턴바이오
1110,KOSDAQ,065170,넥스트BT
1111,KOSDAQ,137940,넥스트아이
1112,KOSDAQ,348210,넥스틴
1113,KOSDAQ,041140,넥슨지티
1114,KOSDAQ,217270,넵튠
1115,KOSDAQ,225570,넷게임즈
1116,KOSDAQ,104620,노랑풍선
1117,KOSDAQ,194700,노바렉스
1118,KOSDAQ,285490,노바텍
1119,KOSDAQ,278650,노터스
1120,KOSDAQ,144510,녹십자랩셀
1121,KOSDAQ,031390,녹십자셀
1122,KOSDAQ,142280,녹십자엠에스
1123,KOSDAQ,234690,녹십자웰빙
1124,KOSDAQ,065560,녹원씨엔아이
1125,KOSDAQ,054050,농우바이오
1126,KOSDAQ,069140,누리플랜
1127,KOSDAQ,040160,누리플렉스
1128,KOSDAQ,126870,뉴로스
1129,KOSDAQ,060260,뉴보텍
1130,KOSDAQ,012340,뉴인텍
1131,KOSDAQ,214870,뉴지랩파마
1132,KOSDAQ,270870,뉴트리
1133,KOSDAQ,144960,뉴파워프라즈마
1134,KOSDAQ,085670,뉴프렉스
1135,KOSDAQ,119860,다나와
1136,KOSDAQ,064260,다날
1137,KOSDAQ,093640,다믈멀티미디어
1138,KOSDAQ,340360,다보링크
1139,KOSDAQ,039560,다산네트웍스
1140,KOSDAQ,032190,다우데이타
1141,KOSDAQ,068240,다원시스
1142,KOSDAQ,020400,대동금속
1143,KOSDAQ,008830,대동기어
1144,KOSDAQ,048470,대동스틸
1145,KOSDAQ,004780,대륙제관
1146,KOSDAQ,017650,대림제지
1147,KOSDAQ,007720,대명소노시즌
1148,KOSDAQ,317850,대모
1149,KOSDAQ,290670,대보마그네틱
1150,KOSDAQ,078140,대봉엘에스
1151,KOSDAQ,036480,대성미생물
1152,KOSDAQ,025440,대성엘텍
1153,KOSDAQ,027830,대성창투
1154,KOSDAQ,104040,대성파인텍
1155,KOSDAQ,332290,대신밸런스제7호스팩
1156,KOSDAQ,336570,대신밸런스제8호스팩
1157,KOSDAQ,369370,대신밸런스제9호스팩
1158,KOSDAQ,020180,대신정보통신
1159,KOSDAQ,045390,대아티아이
1160,KOSDAQ,108380,대양전기공업
1161,KOSDAQ,006580,대양제지
1162,KOSDAQ,007680,대원
1163,KOSDAQ,048910,대원미디어
1164,KOSDAQ,005710,대원산업
1165,KOSDAQ,290380,대유
1166,KOSDAQ,290120,대유에이피
1167,KOSDAQ,120240,대정화금
1168,KOSDAQ,003310,대주산업
1169,KOSDAQ,078600,대주전자재료
1170,KOSDAQ,096350,대창솔루션
1171,KOSDAQ,140520,대창스틸
1172,KOSDAQ,131220,대한과학
1173,KOSDAQ,010170,대한광통신
1174,KOSDAQ,060900,대한그린파워
1175,KOSDAQ,054670,대한뉴팜
1176,KOSDAQ,023910,대한약품
1177,KOSDAQ,021040,대호특수강
1178,KOSDAQ,021045,대호특수강우
1179,KOSDAQ,067080,대화제약
1180,KOSDAQ,298540,더네이쳐홀딩스
1181,KOSDAQ,299170,더블유에스아이
1182,KOSDAQ,213420,덕산네오룩스
1183,KOSDAQ,317330,덕산테코피아
1184,KOSDAQ,077360,덕산하이메탈
1185,KOSDAQ,090410,덕신하우징
1186,KOSDAQ,263600,덕우전자
1187,KOSDAQ,194480,데브시스터즈
1188,KOSDAQ,263800,데이타솔루션
1189,KOSDAQ,206560,덱스터
1190,KOSDAQ,261200,덴티스
1191,KOSDAQ,067990,도이치모터스
1192,KOSDAQ,006620,동구바이오제약
1193,KOSDAQ,100130,동국S&C
1194,KOSDAQ,005160,동국산업
1195,KOSDAQ,075970,동국알앤에스
1196,KOSDAQ,086450,동국제약
1197,KOSDAQ,099410,동방선기
1198,KOSDAQ,033500,동성화인텍
1199,KOSDAQ,025950,동신건설
1200,KOSDAQ,088130,동아엘텍
1201,KOSDAQ,041930,동아화성
1202,KOSDAQ,060380,동양에스텍
1203,KOSDAQ,079960,동양이엔피
1204,KOSDAQ,228340,동양파일
1205,KOSDAQ,088910,동우팜투테이블
1206,KOSDAQ,094170,동운아나텍
1207,KOSDAQ,013120,동원개발
1208,KOSDAQ,109860,동일금속
1209,KOSDAQ,032960,동일기연
1210,KOSDAQ,023790,동일철강
1211,KOSDAQ,005290,동진쎄미켐
1212,KOSDAQ,025900,동화기업
1213,KOSDAQ,073190,듀오백
1214,KOSDAQ,030350,드래곤플라이
1215,KOSDAQ,203650,드림시큐리티
1216,KOSDAQ,223250,드림씨아이에스
1217,KOSDAQ,060570,드림어스컴퍼니
1218,KOSDAQ,217620,디딤
1219,KOSDAQ,187870,디바이스이엔지
1220,KOSDAQ,066670,디스플레이텍
1221,KOSDAQ,110990,디아이티
1222,KOSDAQ,263690,디알젬
1223,KOSDAQ,214680,디알텍
1224,KOSDAQ,263720,디앤씨미디어
1225,KOSDAQ,109740,디에스케이
1226,KOSDAQ,033430,디에스티
1227,KOSDAQ,131030,디에이치피코리아
1228,KOSDAQ,196490,디에이테크놀로지
1229,KOSDAQ,066900,디에이피
1230,KOSDAQ,127120,디엔에이링크
1231,KOSDAQ,092070,디엔에프
1232,KOSDAQ,134580,디엠티
1233,KOSDAQ,039840,디오
1234,KOSDAQ,104460,디와이피엔에프
1235,KOSDAQ,079810,디이엔티
1236,KOSDAQ,227100,디자인
1237,KOSDAQ,113810,디젠스
1238,KOSDAQ,043360,디지아이
1239,KOSDAQ,197140,디지캡
1240,KOSDAQ,106520,디지탈옵틱
1241,KOSDAQ,068930,디지털대성
1242,KOSDAQ,033130,디지틀조선
1243,KOSDAQ,105740,디케이락
1244,KOSDAQ,263020,디케이앤디
1245,KOSDAQ,290550,디케이티
1246,KOSDAQ,187220,디티앤씨
1247,KOSDAQ,131180,딜리
1248,KOSDAQ,315640,딥노이드
1249,KOSDAQ,317120,라닉스
1250,KOSDAQ,042510,라온시큐어
1251,KOSDAQ,232680,라온테크
1252,KOSDAQ,300120,라온피플
1253,KOSDAQ,171120,라이온켐텍
1254,KOSDAQ,069540,라이트론
1255,KOSDAQ,347700,라이프시맨틱스
1256,KOSDAQ,214260,라파스
1257,KOSDAQ,171010,램테크놀러지
1258,KOSDAQ,084650,랩지노믹스
1259,KOSDAQ,217500,러셀
1260,KOSDAQ,141080,레고켐바이오
1261,KOSDAQ,060300,레드로버
1262,KOSDAQ,038390,레드캡투어
1263,KOSDAQ,294140,레몬
1264,KOSDAQ,228670,레이
1265,KOSDAQ,228850,레이언스
1266,KOSDAQ,281740,레이크머티리얼즈
1267,KOSDAQ,277810,레인보우로보틱스
1268,KOSDAQ,215100,로보로보
1269,KOSDAQ,090360,로보스타
1270,KOSDAQ,108490,로보티즈
1271,KOSDAQ,900260,로스웰
1272,KOSDAQ,067730,로지시스
1273,KOSDAQ,071280,로체시스템즈
1274,KOSDAQ,038060,루멘스
1275,KOSDAQ,085370,루트로닉
1276,KOSDAQ,08537M,루트로닉3우C
1277,KOSDAQ,060240,룽투코리아
1278,KOSDAQ,058470,리노공업
1279,KOSDAQ,039980,리노스
1280,KOSDAQ,019570,리더스 기술투자
1281,KOSDAQ,016100,리더스코스메틱
1282,KOSDAQ,012700,리드코프
1283,KOSDAQ,302550,리메드
1284,KOSDAQ,029480,릭스솔루션
1285,KOSDAQ,277070,린드먼아시아
1286,KOSDAQ,042500,링네트
1287,KOSDAQ,219420,링크제니시스
1288,KOSDAQ,195500,마니커에프앤지
1289,KOSDAQ,222810,마이더스AI
1290,KOSDAQ,305090,마이크로디지탈
1291,KOSDAQ,098120,마이크로컨텍솔
1292,KOSDAQ,147760,마이크로프랜드
1293,KOSDAQ,038290,마크로젠
1294,KOSDAQ,220630,맘스터치
1295,KOSDAQ,267980,매일유업
1296,KOSDAQ,005990,매일홀딩스
1297,KOSDAQ,127160,매직마이크로
1298,KOSDAQ,093520,매커스
1299,KOSDAQ,141070,맥스로텍
1300,KOSDAQ,377030,맥스트
1301,KOSDAQ,100590,머큐리
1302,KOSDAQ,067280,멀티캠퍼스
1303,KOSDAQ,072870,메가스터디
1304,KOSDAQ,215200,메가스터디교육
1305,KOSDAQ,133750,메가엠디
1306,KOSDAQ,235980,메드팩토
1307,KOSDAQ,041920,메디아나
1308,KOSDAQ,014100,메디앙스
1309,KOSDAQ,054180,메디콕스
1310,KOSDAQ,086900,메디톡스
1311,KOSDAQ,078160,메디포스트
1312,KOSDAQ,065650,메디프론
1313,KOSDAQ,021880,메이슨캐피탈
1314,KOSDAQ,140410,메지온
1315,KOSDAQ,241770,메카로
1316,KOSDAQ,059210,메타바이오메드
1317,KOSDAQ,058110,멕아이씨에스
1318,KOSDAQ,096640,멜파스
1319,KOSDAQ,257370,명성티엔에스
1320,KOSDAQ,080420,모다이노칩
1321,KOSDAQ,080160,모두투어
1322,KOSDAQ,100030,모바일리더
1323,KOSDAQ,087260,모바일어플라이언스
1324,KOSDAQ,101330,모베이스
1325,KOSDAQ,012860,모베이스전자
1326,KOSDAQ,348030,모비릭스
1327,KOSDAQ,250060,모비스
1328,KOSDAQ,033200,모아텍
1329,KOSDAQ,118990,모트렉스
1330,KOSDAQ,006920,모헨즈
1331,KOSDAQ,001810,무림SP
1332,KOSDAQ,279600,미디어젠
1333,KOSDAQ,095500,미래나노텍
1334,KOSDAQ,218150,미래생명자원
1335,KOSDAQ,353490,미래에셋대우스팩 5호
1336,KOSDAQ,328380,미래에셋대우스팩3호
1337,KOSDAQ,100790,미래에셋벤처투자
1338,KOSDAQ,049950,미래컴퍼니
1339,KOSDAQ,213090,미래테크놀로지
1340,KOSDAQ,207760,미스터블루
1341,KOSDAQ,059090,미코
1342,KOSDAQ,214610,미코바이오메드
1343,KOSDAQ,201490,미투온
1344,KOSDAQ,950190,미투젠
1345,KOSDAQ,214180,민앤지
1346,KOSDAQ,206640,바디텍메드
1347,KOSDAQ,018700,바른손
1348,KOSDAQ,035620,바른손이앤에이
1349,KOSDAQ,064520,바른전자
1350,KOSDAQ,053030,바이넥스
1351,KOSDAQ,301300,바이브컴퍼니
1352,KOSDAQ,064550,바이오니아
1353,KOSDAQ,314930,바이오다인
1354,KOSDAQ,208710,바이오로그디바이스
1355,KOSDAQ,142760,바이오리더스
1356,KOSDAQ,086820,바이오솔루션
1357,KOSDAQ,038460,바이오스마트
1358,KOSDAQ,086040,바이오톡스텍
1359,KOSDAQ,032980,바이온
1360,KOSDAQ,308080,바이젠셀
1361,KOSDAQ,043150,바텍
1362,KOSDAQ,323990,박셀바이오
1363,KOSDAQ,267790,배럴
1364,KOSDAQ,046310,백금T&A
1365,KOSDAQ,066410,버킷스튜디오
1366,KOSDAQ,206400,베노홀딩스
1367,KOSDAQ,019010,베뉴지
1368,KOSDAQ,177350,베셀
1369,KOSDAQ,299910,베스파
1370,KOSDAQ,225530,보광산업
1371,KOSDAQ,250000,보라티알
1372,KOSDAQ,006910,보성파워텍
1373,KOSDAQ,226340,본느
1374,KOSDAQ,014470,부방
1375,KOSDAQ,008470,부스타
1376,KOSDAQ,338220,뷰노
1377,KOSDAQ,100120,뷰웍스
1378,KOSDAQ,337930,브랜드엑스코퍼레이션
1379,KOSDAQ,099390,브레인즈컴퍼니
1380,KOSDAQ,064480,브리지텍
1381,KOSDAQ,288330,브릿지바이오테라퓨틱스
1382,KOSDAQ,251630,브이원텍
1383,KOSDAQ,018290,브이티지엠피
1384,KOSDAQ,044480,블루베리 NFT
1385,KOSDAQ,033560,블루콤
1386,KOSDAQ,126340,비나텍
1387,KOSDAQ,121800,비덴트
1388,KOSDAQ,148140,비디아이
1389,KOSDAQ,082800,비보존 헬스케어
1390,KOSDAQ,318410,비비씨
1391,KOSDAQ,200780,비씨월드제약
1392,KOSDAQ,141000,비아트론
1393,KOSDAQ,090460,비에이치
1394,KOSDAQ,083650,비에이치아이
1395,KOSDAQ,086670,비엠티
1396,KOSDAQ,335890,비올
1397,KOSDAQ,138580,비즈니스온
1398,KOSDAQ,082920,비츠로셀
1399,KOSDAQ,054220,비츠로시스
1400,KOSDAQ,042370,비츠로테크
1401,KOSDAQ,032850,비트컴퓨터
1402,KOSDAQ,238200,비피도
1403,KOSDAQ,093190,빅솔론
1404,KOSDAQ,065450,빅텍
1405,KOSDAQ,072950,빛샘전자
1406,KOSDAQ,143240,사람인에이치알
1407,KOSDAQ,100090,삼강엠앤티
1408,KOSDAQ,122350,삼기
1409,KOSDAQ,014970,삼륭물산
1410,KOSDAQ,018310,삼목에스폼
1411,KOSDAQ,053700,삼보모터스
1412,KOSDAQ,009620,삼보산업
1413,KOSDAQ,023600,삼보판지
1414,KOSDAQ,380320,삼성머스트스팩5호
1415,KOSDAQ,377630,삼성스팩4호
1416,KOSDAQ,009300,삼아제약
1417,KOSDAQ,225190,삼양옵틱스
1418,KOSDAQ,361670,삼영에스앤씨
1419,KOSDAQ,054540,삼영엠텍
1420,KOSDAQ,065570,삼영이엔씨
1421,KOSDAQ,032280,삼일
1422,KOSDAQ,002290,삼일기업공사
1423,KOSDAQ,037460,삼지전자
1424,KOSDAQ,032750,삼진
1425,KOSDAQ,054090,삼진엘앤디
1426,KOSDAQ,000250,삼천당제약
1427,KOSDAQ,024950,삼천리자전거
1428,KOSDAQ,038500,삼표시멘트
1429,KOSDAQ,017480,삼현철강
1430,KOSDAQ,046390,삼화네트웍스
1431,KOSDAQ,027580,상보
1432,KOSDAQ,038540,상상인
1433,KOSDAQ,307870,상상인이안1호스팩
1434,KOSDAQ,329560,상상인이안제2호스팩
1435,KOSDAQ,101000,상상인인더스트리
1436,KOSDAQ,091580,상신이디피
1437,KOSDAQ,263810,상신전자
1438,KOSDAQ,089980,상아프론테크
1439,KOSDAQ,042940,상지카일룸
1440,KOSDAQ,042600,새로닉스
1441,KOSDAQ,252990,샘씨엔에스
1442,KOSDAQ,263540,샘코
1443,KOSDAQ,294630,서남
1444,KOSDAQ,038070,서린바이오
1445,KOSDAQ,006730,서부T&D
1446,KOSDAQ,079650,서산
1447,KOSDAQ,100660,서암기계공업
1448,KOSDAQ,019770,서연탑메탈
1449,KOSDAQ,043710,서울리거
1450,KOSDAQ,092190,서울바이오시스
1451,KOSDAQ,046890,서울반도체
1452,KOSDAQ,063170,서울옥션
1453,KOSDAQ,027040,서울전자통신
1454,KOSDAQ,018680,서울제약
1455,KOSDAQ,093920,서원인텍
1456,KOSDAQ,189860,서전기전
1457,KOSDAQ,178320,서진시스템
1458,KOSDAQ,122690,서진오토모티브
1459,KOSDAQ,140070,서플러스글로벌
1460,KOSDAQ,011370,서한
1461,KOSDAQ,065710,서호전기
1462,KOSDAQ,035890,서희건설
1463,KOSDAQ,357550,석경에이티
1464,KOSDAQ,003100,선광
1465,KOSDAQ,123420,선데이토즈
1466,KOSDAQ,171090,선익시스템
1467,KOSDAQ,086710,선진뷰티사이언스
1468,KOSDAQ,014620,성광벤드
1469,KOSDAQ,037350,성도이엔지
1470,KOSDAQ,081580,성우전자
1471,KOSDAQ,045300,성우테크론
1472,KOSDAQ,015750,성우하이텍
1473,KOSDAQ,080470,성창오토텍
1474,KOSDAQ,043260,성호전자
1475,KOSDAQ,148150,세경하이테크
1476,KOSDAQ,053060,세동
1477,KOSDAQ,017510,세명전기
1478,KOSDAQ,011560,세보엠이씨
1479,KOSDAQ,052190,세영디앤씨
1480,KOSDAQ,100700,세운메디칼
1481,KOSDAQ,234100,세원
1482,KOSDAQ,024830,세원물산
1483,KOSDAQ,258830,세종메디칼
1484,KOSDAQ,036630,세종텔레콤
1485,KOSDAQ,039310,세중
1486,KOSDAQ,067770,세진티에스
1487,KOSDAQ,053450,세코닉스
1488,KOSDAQ,234340,세틀뱅크
1489,KOSDAQ,252500,세화피앤씨
1490,KOSDAQ,347000,센코
1491,KOSDAQ,331920,셀레믹스
1492,KOSDAQ,049180,셀루메드
1493,KOSDAQ,299660,셀리드
1494,KOSDAQ,268600,셀리버리
1495,KOSDAQ,108860,셀바스AI
1496,KOSDAQ,208370,셀바스헬스케어
1497,KOSDAQ,068760,셀트리온제약
1498,KOSDAQ,091990,셀트리온헬스케어
1499,KOSDAQ,290690,소룩스
1500,KOSDAQ,053110,소리바다
1501,KOSDAQ,950200,소마젠
1502,KOSDAQ,032680,소프트센
1503,KOSDAQ,032685,소프트센우
1504,KOSDAQ,258790,소프트캠프
1505,KOSDAQ,066910,손오공
1506,KOSDAQ,043100,솔고바이오
1507,KOSDAQ,154040,솔루에타
1508,KOSDAQ,035610,솔본
1509,KOSDAQ,357780,솔브레인
1510,KOSDAQ,036830,솔브레인홀딩스
1511,KOSDAQ,304100,솔트룩스
1512,KOSDAQ,086980,쇼박스
1513,KOSDAQ,050960,수산아이앤티
1514,KOSDAQ,084180,수성이노베이션
1515,KOSDAQ,253840,수젠텍
1516,KOSDAQ,058530,슈펙스비앤피
1517,KOSDAQ,236200,슈프리마
1518,KOSDAQ,317770,슈프리마아이디
1519,KOSDAQ,094840,슈프리마에이치큐
1520,KOSDAQ,192440,슈피겐코리아
1521,KOSDAQ,099440,스맥
1522,KOSDAQ,033790,스카이문스테크놀로지
1523,KOSDAQ,131100,스카이이앤엠
1524,KOSDAQ,159910,스킨앤스킨
1525,KOSDAQ,115570,스타플렉스
1526,KOSDAQ,253450,스튜디오드래곤
1527,KOSDAQ,204630,스튜디오산타클로스
1528,KOSDAQ,013810,스페코
1529,KOSDAQ,039670,스포츠서울
1530,KOSDAQ,049830,승일
1531,KOSDAQ,020710,시공테크
1532,KOSDAQ,033170,시그네틱스
1533,KOSDAQ,048870,시너지이노베이션
1534,KOSDAQ,025320,시노펙스
1535,KOSDAQ,269620,시스웍
1536,KOSDAQ,131090,시큐브
1537,KOSDAQ,139050,시티랩스
1538,KOSDAQ,290520,신도기연
1539,KOSDAQ,001000,신라섬유
1540,KOSDAQ,025870,신라에스지
1541,KOSDAQ,215600,신라젠
1542,KOSDAQ,065350,신성델타테크
1543,KOSDAQ,002800,신신제약
1544,KOSDAQ,323280,신영스팩5호
1545,KOSDAQ,344050,신영스팩6호
1546,KOSDAQ,017000,신원종합개발
1547,KOSDAQ,012790,신일제약
1548,KOSDAQ,138070,신진에스엠
1549,KOSDAQ,226330,신테카바이오
1550,KOSDAQ,333050,신한제6호스팩
1551,KOSDAQ,366330,신한제7호스팩
1552,KOSDAQ,056700,신화인터텍
1553,KOSDAQ,187270,신화콘텍
1554,KOSDAQ,243840,신흥에스이씨
1555,KOSDAQ,222800,심텍
1556,KOSDAQ,036710,심텍홀딩스
1557,KOSDAQ,160980,싸이맥스
1558,KOSDAQ,356890,싸이버원
1559,KOSDAQ,217330,싸이토젠
1560,KOSDAQ,010280,쌍용정보통신
1561,KOSDAQ,208640,썸에이지
1562,KOSDAQ,222420,쎄노텍
1563,KOSDAQ,037760,쎄니트
1564,KOSDAQ,136510,쎄미시스코
1565,KOSDAQ,099320,쎄트렉아이
1566,KOSDAQ,049960,쎌바이오텍
1567,KOSDAQ,050890,쏠리드
1568,KOSDAQ,066790,씨씨에스
1569,KOSDAQ,222080,씨아이에스
1570,KOSDAQ,352480,씨앤씨인터내셔널
1571,KOSDAQ,264660,씨앤지하이테크
1572,KOSDAQ,352700,씨앤투스성진
1573,KOSDAQ,297090,씨에스베어링
1574,KOSDAQ,115530,씨엔플러스
1575,KOSDAQ,225330,씨엠에스에듀
1576,KOSDAQ,115480,씨유메디칼
1577,KOSDAQ,189330,씨이랩
1578,KOSDAQ,096530,씨젠
1579,KOSDAQ,900120,씨케이에이치
1580,KOSDAQ,101240,씨큐브
1581,KOSDAQ,060590,씨티씨바이오
1582,KOSDAQ,260930,씨티케이
1583,KOSDAQ,013990,아가방컴퍼니
1584,KOSDAQ,123860,아나패스
1585,KOSDAQ,025980,아난티
1586,KOSDAQ,050320,아래스
1587,KOSDAQ,058220,아리온
1588,KOSDAQ,125210,아모그린텍
1589,KOSDAQ,357580,아모센스
1590,KOSDAQ,052710,아모텍
1591,KOSDAQ,074430,아미노로직스
1592,KOSDAQ,092040,아미코젠
1593,KOSDAQ,083930,아바코
1594,KOSDAQ,149950,아바텍
1595,KOSDAQ,036010,아비코전자
1596,KOSDAQ,050860,아세아텍
1597,KOSDAQ,246720,아스타
1598,KOSDAQ,067390,아스트
1599,KOSDAQ,127710,아시아경제
1600,KOSDAQ,154030,아시아종묘
1601,KOSDAQ,227610,아우딘퓨쳐스
1602,KOSDAQ,143160,아이디스
1603,KOSDAQ,054800,아이디스홀딩스
1604,KOSDAQ,332370,아이디피
1605,KOSDAQ,339950,아이비김영
1606,KOSDAQ,099190,아이센스
1607,KOSDAQ,289010,아이스크림에듀
1608,KOSDAQ,214430,아이쓰리시스템
1609,KOSDAQ,040910,아이씨디
1610,KOSDAQ,068940,아이씨케이
1611,KOSDAQ,052860,아이앤씨
1612,KOSDAQ,069920,아이에스이커머스
1613,KOSDAQ,038880,아이에이
1614,KOSDAQ,307180,아이엘사이언스
1615,KOSDAQ,101390,아이엠
1616,KOSDAQ,078860,아이오케이
1617,KOSDAQ,114810,아이원스
1618,KOSDAQ,031310,아이즈비전
1619,KOSDAQ,185490,아이진
1620,KOSDAQ,059100,아이컴포넌트
1621,KOSDAQ,262840,아이퀘스트
1622,KOSDAQ,175250,아이큐어
1623,KOSDAQ,052460,아이크래프트
1624,KOSDAQ,119830,아이텍
1625,KOSDAQ,052770,아이톡시
1626,KOSDAQ,124500,아이티센
1627,KOSDAQ,084850,아이티엠반도체
1628,KOSDAQ,027360,아주IB투자
1629,KOSDAQ,032080,아즈텍WB
1630,KOSDAQ,013310,아진산업
1631,KOSDAQ,059120,아진엑스텍
1632,KOSDAQ,158430,아톤
1633,KOSDAQ,067160,아프리카TV
1634,KOSDAQ,001540,안국약품
1635,KOSDAQ,053800,안랩
1636,KOSDAQ,065660,안트로젠
1637,KOSDAQ,297570,알로이스
1638,KOSDAQ,260660,알리코제약
1639,KOSDAQ,131370,알서포트
1640,KOSDAQ,140670,알에스오토메이션
1641,KOSDAQ,096610,알에프세미
1642,KOSDAQ,061040,알에프텍
1643,KOSDAQ,148250,알엔투테크놀로지
1644,KOSDAQ,347860,알체라
1645,KOSDAQ,196170,알테오젠
1646,KOSDAQ,123750,알톤스포츠
1647,KOSDAQ,085810,알티캐스트
1648,KOSDAQ,117670,알파홀딩스
1649,KOSDAQ,291650,압타머사이언스
1650,KOSDAQ,293780,압타바이오
1651,KOSDAQ,196300,애니젠
1652,KOSDAQ,310200,애니플러스
1653,KOSDAQ,900100,애머릿지
1654,KOSDAQ,205500,액션스퀘어
1655,KOSDAQ,052790,액토즈소프트
1656,KOSDAQ,290740,액트로
1657,KOSDAQ,238090,앤디포스
1658,KOSDAQ,092600,앤씨앤
1659,KOSDAQ,129890,앱코
1660,KOSDAQ,174900,앱클론
1661,KOSDAQ,255440,야스
1662,KOSDAQ,030960,양지사
1663,KOSDAQ,102120,어보브반도체
1664,KOSDAQ,238120,얼라인드
1665,KOSDAQ,019990,에너토크
1666,KOSDAQ,270660,에브리봇
1667,KOSDAQ,038680,에스넷
1668,KOSDAQ,217480,에스디생명공학
1669,KOSDAQ,121890,에스디시스템
1670,KOSDAQ,097780,에스맥
1671,KOSDAQ,042110,에스씨디
1672,KOSDAQ,298060,에스씨엠생명과학
1673,KOSDAQ,065420,에스아이리소스
1674,KOSDAQ,103230,에스앤더블류
1675,KOSDAQ,101490,에스앤에스텍
1676,KOSDAQ,095910,에스에너지
1677,KOSDAQ,275630,에스에스알
1678,KOSDAQ,031330,에스에이엠티
1679,KOSDAQ,060540,에스에이티
1680,KOSDAQ,056190,에스에프에이
1681,KOSDAQ,080000,에스엔유
1682,KOSDAQ,214310,에스엘바이오닉스
1683,KOSDAQ,041510,에스엠
1684,KOSDAQ,007820,에스엠코어
1685,KOSDAQ,109610,에스와이
1686,KOSDAQ,306040,에스제이그룹
1687,KOSDAQ,080440,에스제이케이
1688,KOSDAQ,096630,에스코넥
1689,KOSDAQ,069510,에스텍
1690,KOSDAQ,041910,에스텍파마
1691,KOSDAQ,234300,에스트래픽
1692,KOSDAQ,039440,에스티아이
1693,KOSDAQ,098660,에스티오
1694,KOSDAQ,052020,에스티큐브
1695,KOSDAQ,237690,에스티팜
1696,KOSDAQ,050760,에스폴리텍
1697,KOSDAQ,288620,에스퓨얼셀
1698,KOSDAQ,317830,에스피시스템스
1699,KOSDAQ,058610,에스피지
1700,KOSDAQ,043340,에쎈테크
1701,KOSDAQ,187660,에이디엠코리아
1702,KOSDAQ,054630,에이디칩스
1703,KOSDAQ,200710,에이디테크놀로지
1704,KOSDAQ,096690,에이루트
1705,KOSDAQ,298380,에이비엘바이오
1706,KOSDAQ,195990,에이비프로바이오
1707,KOSDAQ,003800,에이스침대
1708,KOSDAQ,088800,에이스테크
1709,KOSDAQ,241840,에이스토리
1710,KOSDAQ,039230,에이아이비트
1711,KOSDAQ,312610,에이에프더블류
1712,KOSDAQ,072990,에이치시티
1713,KOSDAQ,176440,에이치엔티
1714,KOSDAQ,028300,에이치엘비
1715,KOSDAQ,067630,에이치엘비생명과학
1716,KOSDAQ,047920,에이치엘비제약
1717,KOSDAQ,043220,에이치엘비파워
1718,KOSDAQ,239610,에이치엘사이언스
1719,KOSDAQ,353070,에이치엠씨제4호스팩
1720,KOSDAQ,353060,에이치엠씨제5호스팩
1721,KOSDAQ,044780,에이치케이
1722,KOSDAQ,357230,에이치피오
1723,KOSDAQ,071670,에이테크솔루션
1724,KOSDAQ,045660,에이텍
1725,KOSDAQ,224110,에이텍티앤
1726,KOSDAQ,230980,에이트원
1727,KOSDAQ,021080,에이티넘인베스트
1728,KOSDAQ,089530,에이티세미콘
1729,KOSDAQ,200470,에이팩트
1730,KOSDAQ,262260,에이프로
1731,KOSDAQ,109960,에이프로젠 H&G
1732,KOSDAQ,089970,에이피티씨
1733,KOSDAQ,230240,에치에프알
1734,KOSDAQ,064510,에코마이스터
1735,KOSDAQ,230360,에코마케팅
1736,KOSDAQ,038870,에코바이오
1737,KOSDAQ,128540,에코캡
1738,KOSDAQ,086520,에코프로
1739,KOSDAQ,247540,에코프로비엠
1740,KOSDAQ,383310,에코프로에이치엔
1741,KOSDAQ,038110,에코플라스틱
1742,KOSDAQ,073540,에프알텍
1743,KOSDAQ,064850,에프앤가이드
1744,KOSDAQ,064090,에프앤리퍼블릭
1745,KOSDAQ,036810,에프에스티
1746,KOSDAQ,173940,에프엔씨엔터
1747,KOSDAQ,083500,에프엔에스테크
1748,KOSDAQ,054940,엑사이엔씨
1749,KOSDAQ,950130,엑세스바이오
1750,KOSDAQ,205100,엑셈
1751,KOSDAQ,070300,엑스큐어
1752,KOSDAQ,092870,엑시콘
1753,KOSDAQ,317870,엔바이오니아
1754,KOSDAQ,067570,엔브이에이치코리아
1755,KOSDAQ,236810,엔비티
1756,KOSDAQ,333620,엔시스
1757,KOSDAQ,101400,엔시트론
1758,KOSDAQ,217820,엔에스
1759,KOSDAQ,031860,엔에스엔
1760,KOSDAQ,310840,엔에이치스팩13호
1761,KOSDAQ,359090,엔에이치스팩17호
1762,KOSDAQ,365590,엔에이치스팩18호
1763,KOSDAQ,265740,엔에프씨
1764,KOSDAQ,354200,엔젠바이오
1765,KOSDAQ,208860,엔지스테크널러지
1766,KOSDAQ,183490,엔지켐생명과학
1767,KOSDAQ,182400,엔케이맥스
1768,KOSDAQ,069410,엔텔스
1769,KOSDAQ,227950,엔투텍
1770,KOSDAQ,291230,엔피
1771,KOSDAQ,198080,엔피디
1772,KOSDAQ,048830,엔피케이
1773,KOSDAQ,096870,엘디티
1774,KOSDAQ,376190,엘비루셈
1775,KOSDAQ,061970,엘비세미콘
1776,KOSDAQ,138690,엘아이에스
1777,KOSDAQ,290650,엘앤씨바이오
1778,KOSDAQ,066970,엘앤에프
1779,KOSDAQ,156100,엘앤케이바이오
1780,KOSDAQ,073110,엘엠에스
1781,KOSDAQ,083310,엘오티베큠
1782,KOSDAQ,037950,엘컴텍
1783,KOSDAQ,170920,엘티씨
1784,KOSDAQ,058630,엠게임
1785,KOSDAQ,058970,엠로
1786,KOSDAQ,019590,엠벤처투자
1787,KOSDAQ,169330,엠브레인
1788,KOSDAQ,179290,엠아이텍
1789,KOSDAQ,009780,엠에스씨
1790,KOSDAQ,123040,엠에스오토텍
1791,KOSDAQ,323230,엠에프엠코리아
1792,KOSDAQ,032790,엠젠플러스
1793,KOSDAQ,033160,엠케이전자
1794,KOSDAQ,347890,엠투아이
1795,KOSDAQ,033310,엠투엔
1796,KOSDAQ,259630,엠플러스
1797,KOSDAQ,065150,엠피대산
1798,KOSDAQ,115960,연우
1799,KOSDAQ,090740,연이비앤티
1800,KOSDAQ,060850,영림원소프트랩
1801,KOSDAQ,007530,영신금속
1802,KOSDAQ,143540,영우디에스피
1803,KOSDAQ,036560,영풍정밀
1804,KOSDAQ,265560,영화테크
1805,KOSDAQ,036000,예림당
1806,KOSDAQ,250930,예선테크
1807,KOSDAQ,053280,예스24
1808,KOSDAQ,122640,예스티
1809,KOSDAQ,900300,오가닉티코스메틱
1810,KOSDAQ,045060,오공
1811,KOSDAQ,080520,오디텍
1812,KOSDAQ,039830,오로라
1813,KOSDAQ,322310,오로스테크놀로지
1814,KOSDAQ,046120,오르비텍
1815,KOSDAQ,014940,오리엔탈정공
1816,KOSDAQ,065500,오리엔트정공
1817,KOSDAQ,010470,오리콤
1818,KOSDAQ,352910,오비고
1819,KOSDAQ,053980,오상자이엘
1820,KOSDAQ,052420,오성첨단소재
1821,KOSDAQ,241790,오션브릿지
1822,KOSDAQ,039200,오스코텍
1823,KOSDAQ,226400,오스테오닉
1824,KOSDAQ,031510,오스템
1825,KOSDAQ,048260,오스템임플란트
1826,KOSDAQ,138080,오이솔루션
1827,KOSDAQ,080580,오킨스전자
1828,KOSDAQ,067170,오텍
1829,KOSDAQ,173130,오파스넷
1830,KOSDAQ,049480,오픈베이스
1831,KOSDAQ,309930,오하임아이엔티
1832,KOSDAQ,244460,올리패스
1833,KOSDAQ,226950,올릭스
1834,KOSDAQ,057540,옴니시스템
1835,KOSDAQ,082210,옵트론텍
1836,KOSDAQ,109080,옵티시스
1837,KOSDAQ,153710,옵티팜
1838,KOSDAQ,321820,와이더플래닛
1839,KOSDAQ,122990,와이솔
1840,KOSDAQ,232140,와이아이케이
1841,KOSDAQ,065530,와이어블
1842,KOSDAQ,067900,와이엔텍
1843,KOSDAQ,155650,와이엠씨
1844,KOSDAQ,251370,와이엠티
1845,KOSDAQ,066430,와이오엠
1846,KOSDAQ,193250,와이제이엠게임즈
1847,KOSDAQ,273060,와이즈버즈
1848,KOSDAQ,019210,와이지-원
1849,KOSDAQ,122870,와이지엔터테인먼트
1850,KOSDAQ,332570,와이팜
1851,KOSDAQ,079000,와토스코리아
1852,KOSDAQ,032820,우리기술
1853,KOSDAQ,041190,우리기술투자
1854,KOSDAQ,115440,우리넷
1855,KOSDAQ,046970,우리로
1856,KOSDAQ,082850,우리바이오
1857,KOSDAQ,215360,우리산업
1858,KOSDAQ,072470,우리산업홀딩스
1859,KOSDAQ,073560,우리손에프앤지
1860,KOSDAQ,153490,우리이앤엘
1861,KOSDAQ,037400,우리조명
1862,KOSDAQ,101170,우림기계
1863,KOSDAQ,066590,우수AMS
1864,KOSDAQ,103840,우양
1865,KOSDAQ,046940,우원개발
1866,KOSDAQ,215380,우정바이오
1867,KOSDAQ,065680,우주일렉트로
1868,KOSDAQ,018620,우진비앤지
1869,KOSDAQ,307280,원바이오젠
1870,KOSDAQ,053080,원방테크
1871,KOSDAQ,032940,원익
1872,KOSDAQ,240810,원익IPS
1873,KOSDAQ,074600,원익QnC
1874,KOSDAQ,104830,원익머트리얼즈
1875,KOSDAQ,014190,원익큐브
1876,KOSDAQ,131390,원익피앤이
1877,KOSDAQ,030530,원익홀딩스
1878,KOSDAQ,012620,원일특강
1879,KOSDAQ,376980,원티드랩
1880,KOSDAQ,008370,원풍
1881,KOSDAQ,008290,원풍물산
1882,KOSDAQ,101160,월덱스
1883,KOSDAQ,095270,웨이브일렉트로
1884,KOSDAQ,065950,웰크론
1885,KOSDAQ,076080,웰크론한텍
1886,KOSDAQ,196700,웹스
1887,KOSDAQ,069080,웹젠
1888,KOSDAQ,053580,웹케시
1889,KOSDAQ,071460,위니아딤채
1890,KOSDAQ,044340,위닉스
1891,KOSDAQ,330350,위더스제약
1892,KOSDAQ,348350,위드텍
1893,KOSDAQ,112040,위메이드
1894,KOSDAQ,101730,위메이드맥스
1895,KOSDAQ,065370,위세아이텍
1896,KOSDAQ,038620,위즈코프
1897,KOSDAQ,299900,위지윅스튜디오
1898,KOSDAQ,036090,위지트
1899,KOSDAQ,136540,윈스
1900,KOSDAQ,320000,윈텍
1901,KOSDAQ,097800,윈팩
1902,KOSDAQ,192390,윈하이텍
1903,KOSDAQ,313760,윌링스
1904,KOSDAQ,900340,윙입푸드
1905,KOSDAQ,036200,유니셈
1906,KOSDAQ,018000,유니슨
1907,KOSDAQ,203450,유니온커뮤니티
1908,KOSDAQ,011320,유니크
1909,KOSDAQ,086390,유니테스트
1910,KOSDAQ,241690,유니테크노
1911,KOSDAQ,142210,유니트론텍
1912,KOSDAQ,048430,유라테크
1913,KOSDAQ,206650,유바이오로직스
1914,KOSDAQ,089850,유비벨록스
1915,KOSDAQ,032620,유비케어
1916,KOSDAQ,264450,유비쿼스
1917,KOSDAQ,078070,유비쿼스홀딩스
1918,KOSDAQ,024800,유성티엔에스
1919,KOSDAQ,054930,유신
1920,KOSDAQ,069330,유아이디
1921,KOSDAQ,049520,유아이엘
1922,KOSDAQ,313750,유안타제4호스팩
1923,KOSDAQ,336060,유안타제5호스팩
1924,KOSDAQ,367460,유안타제7호스팩
1925,KOSDAQ,367480,유안타제8호스팩
1926,KOSDAQ,056090,유앤아이
1927,KOSDAQ,263770,유에스티
1928,KOSDAQ,340930,유일에너테크
1929,KOSDAQ,023410,유진기업
1930,KOSDAQ,056080,유진로봇
1931,KOSDAQ,321260,유진스팩4호
1932,KOSDAQ,331380,유진스팩5호
1933,KOSDAQ,373340,유진스팩6호
1934,KOSDAQ,084370,유진테크
1935,KOSDAQ,178780,유테크
1936,KOSDAQ,179900,유티아이
1937,KOSDAQ,263050,유틸렉스
1938,KOSDAQ,191410,육일씨엔에쓰
1939,KOSDAQ,072770,율호
1940,KOSDAQ,039020,이건홀딩스
1941,KOSDAQ,060230,이그잭스
1942,KOSDAQ,067920,이글루시큐리티
1943,KOSDAQ,044960,이글벳
1944,KOSDAQ,303530,이노뎁
1945,KOSDAQ,302430,이노메트리
1946,KOSDAQ,073490,이노와이어리스
1947,KOSDAQ,086250,이노와이즈
1948,KOSDAQ,215790,이노인스트루먼트
1949,KOSDAQ,246960,이노테라피
1950,KOSDAQ,088390,이녹스
1951,KOSDAQ,272290,이녹스첨단소재
1952,KOSDAQ,053350,이니텍
1953,KOSDAQ,258610,이더블유케이
1954,KOSDAQ,041520,이라이콤
1955,KOSDAQ,264850,이랜시스
1956,KOSDAQ,054210,이랜텍
1957,KOSDAQ,164060,이루다
1958,KOSDAQ,065440,이루온
1959,KOSDAQ,115610,이미지스
1960,KOSDAQ,349720,이베스트스팩5호
1961,KOSDAQ,323210,이베스트이안스팩1호
1962,KOSDAQ,078020,이베스트투자증권
1963,KOSDAQ,131400,이브이첨단소재
1964,KOSDAQ,351330,이삭엔지니어링
1965,KOSDAQ,080010,이상네트웍스
1966,KOSDAQ,086890,이수앱지스
1967,KOSDAQ,047560,이스트소프트
1968,KOSDAQ,900110,이스트아시아홀딩스
1969,KOSDAQ,067010,이씨에스
1970,KOSDAQ,101360,이엔드디
1971,KOSDAQ,102710,이엔에프테크놀로지
1972,KOSDAQ,066980,이엔코퍼레이션
1973,KOSDAQ,063760,이엘피
1974,KOSDAQ,087730,이엠네트웍스
1975,KOSDAQ,123570,이엠넷
1976,KOSDAQ,083470,이엠앤아이
1977,KOSDAQ,095190,이엠코리아
1978,KOSDAQ,091120,이엠텍
1979,KOSDAQ,039030,이오테크닉스
1980,KOSDAQ,294090,이오플로우
1981,KOSDAQ,088290,이원컴포텍
1982,KOSDAQ,181340,이즈미디어
1983,KOSDAQ,353810,이지바이오
1984,KOSDAQ,099750,이지케어텍
1985,KOSDAQ,035810,이지홀딩스
1986,KOSDAQ,160600,이큐셀
1987,KOSDAQ,092130,이크레더블
1988,KOSDAQ,096040,이트론
1989,KOSDAQ,134060,이퓨쳐
1990,KOSDAQ,001840,이화공영
1991,KOSDAQ,024810,이화전기
1992,KOSDAQ,041830,인바디
1993,KOSDAQ,352940,인바이오
1994,KOSDAQ,079950,인베니아
1995,KOSDAQ,277410,인산가
1996,KOSDAQ,060150,인선이엔티
1997,KOSDAQ,033230,인성정보
1998,KOSDAQ,037330,인지디스플레
1999,KOSDAQ,083640,인콘
2000,KOSDAQ,216050,인크로스
2001,KOSDAQ,049070,인탑스
2002,KOSDAQ,119610,인터로조
2003,KOSDAQ,017250,인터엠
2004,KOSDAQ,035080,인터파크
2005,KOSDAQ,051370,인터플렉스
2006,KOSDAQ,064290,인텍플러스
2007,KOSDAQ,189300,인텔리안테크
2008,KOSDAQ,150840,인트로메딕
2009,KOSDAQ,048530,인트론바이오
2010,KOSDAQ,175140,인포마크
2011,KOSDAQ,115310,인포바인
2012,KOSDAQ,039290,인포뱅크
2013,KOSDAQ,071200,인피니트헬스케어
2014,KOSDAQ,016670,인피니티엔티
2015,KOSDAQ,101930,인화정공
2016,KOSDAQ,333430,일승
2017,KOSDAQ,068330,일신바이오
2018,KOSDAQ,058450,일야
2019,KOSDAQ,019540,일지테크
2020,KOSDAQ,094820,일진파워
2021,KOSDAQ,950140,잉글우드랩
2022,KOSDAQ,049550,잉크테크
2023,KOSDAQ,254120,자비스
2024,KOSDAQ,221610,자안바이오
2025,KOSDAQ,219550,자안코스메틱
2026,KOSDAQ,043910,자연과환경
2027,KOSDAQ,234920,자이글
2028,KOSDAQ,289220,자이언트스텝
2029,KOSDAQ,174880,장원테크
2030,KOSDAQ,049630,재영솔루텍
2031,KOSDAQ,110020,전진바이오팜
2032,KOSDAQ,208140,정다운
2033,KOSDAQ,022220,정산애강
2034,KOSDAQ,040420,정상제이엘에스
2035,KOSDAQ,045510,정원엔시스
2036,KOSDAQ,217190,제너셈
2037,KOSDAQ,095700,제넥신
2038,KOSDAQ,072520,제넨바이오
2039,KOSDAQ,122310,제노레이
2040,KOSDAQ,361390,제노코
2041,KOSDAQ,187420,제노포커스
2042,KOSDAQ,225220,제놀루션
2043,KOSDAQ,123330,제닉
2044,KOSDAQ,159580,제로투세븐
2045,KOSDAQ,147830,제룡산업
2046,KOSDAQ,033100,제룡전기
2047,KOSDAQ,079370,제우스
2048,KOSDAQ,054950,제이브이엠
2049,KOSDAQ,090470,제이스텍
2050,KOSDAQ,287410,제이시스메디칼
2051,KOSDAQ,137950,제이씨케미칼
2052,KOSDAQ,033320,제이씨현시스템
2053,KOSDAQ,204270,제이앤티씨
2054,KOSDAQ,026040,제이에스티나
2055,KOSDAQ,126880,제이엔케이히터
2056,KOSDAQ,322510,제이엘케이
2057,KOSDAQ,033050,제이엠아이
2058,KOSDAQ,094970,제이엠티
2059,KOSDAQ,058420,제이웨이
2060,KOSDAQ,089790,제이티
2061,KOSDAQ,052670,제일바이오
2062,KOSDAQ,199820,제일전기공업
2063,KOSDAQ,023440,제일제강
2064,KOSDAQ,038010,제일테크노스
2065,KOSDAQ,276730,제주맥주
2066,KOSDAQ,080220,제주반도체
2067,KOSDAQ,216080,제테마
2068,KOSDAQ,229000,젠큐릭스
2069,KOSDAQ,082270,젬백스
2070,KOSDAQ,064800,젬백스링크
2071,KOSDAQ,041590,젬백스지오
2072,KOSDAQ,044060,조광ILI
2073,KOSDAQ,034940,조아제약
2074,KOSDAQ,067000,조이시티
2075,KOSDAQ,033340,좋은사람들
2076,KOSDAQ,036930,주성엔지니어링
2077,KOSDAQ,239340,줌인터넷
2078,KOSDAQ,051980,중앙디앤엠
2079,KOSDAQ,072020,중앙백신
2080,KOSDAQ,000440,중앙에너비스
2081,KOSDAQ,078650,지나인제약
2082,KOSDAQ,228760,지노믹트리
2083,KOSDAQ,314130,지놈앤컴퍼니
2084,KOSDAQ,043610,지니뮤직
2085,KOSDAQ,263860,지니언스
2086,KOSDAQ,303030,지니틱스
2087,KOSDAQ,036180,지더블유바이텍
2088,KOSDAQ,208350,지란지교시큐리티
2089,KOSDAQ,114570,지스마트글로벌
2090,KOSDAQ,051160,지어소프트
2091,KOSDAQ,053050,지에스이
2092,KOSDAQ,119850,지엔씨에너지
2093,KOSDAQ,270520,지엔원에너지
2094,KOSDAQ,065060,지엔코
2095,KOSDAQ,204840,지엘팜텍
2096,KOSDAQ,111820,지유온
2097,KOSDAQ,115450,지트리비앤티
2098,KOSDAQ,219750,지티지웰니스
2099,KOSDAQ,018120,진로발효
2100,KOSDAQ,109820,진매트릭스
2101,KOSDAQ,086060,진바이오텍
2102,KOSDAQ,036890,진성티이씨
2103,KOSDAQ,363250,진시스템
2104,KOSDAQ,007370,진양제약
2105,KOSDAQ,085660,차바이오텍
2106,KOSDAQ,158310,참존글로벌
2107,KOSDAQ,094850,참좋은여행
2108,KOSDAQ,004650,창해에탄올
2109,KOSDAQ,311690,천랩
2110,KOSDAQ,278280,천보
2111,KOSDAQ,096240,청담러닝
2112,KOSDAQ,066360,체리부로
2113,KOSDAQ,047820,초록뱀미디어
2114,KOSDAQ,052300,초록뱀컴퍼니
2115,KOSDAQ,094360,칩스앤미디어
2116,KOSDAQ,016920,카스
2117,KOSDAQ,284620,카이노스메드
2118,KOSDAQ,293490,카카오게임즈
2119,KOSDAQ,042000,카페24
2120,KOSDAQ,317530,캐리소프트
2121,KOSDAQ,071850,캐스텍코리아
2122,KOSDAQ,180400,캔서롭
2123,KOSDAQ,050110,캠시스
2124,KOSDAQ,900310,컬러레이
2125,KOSDAQ,078340,컴투스
2126,KOSDAQ,307930,컴퍼니케이
2127,KOSDAQ,263700,케어랩스
2128,KOSDAQ,214370,케어젠
2129,KOSDAQ,221980,케이디켐
2130,KOSDAQ,317030,케이비17호스팩
2131,KOSDAQ,323940,케이비제18호스팩
2132,KOSDAQ,330990,케이비제19호스팩
2133,KOSDAQ,342550,케이비제20호스팩
2134,KOSDAQ,192250,케이사인
2135,KOSDAQ,115500,케이씨에스
2136,KOSDAQ,089150,케이씨티
2137,KOSDAQ,025880,케이씨피드
2138,KOSDAQ,093320,케이아이엔엑스
2139,KOSDAQ,073010,케이에스피
2140,KOSDAQ,105330,케이엔더블유
2141,KOSDAQ,272110,케이엔제이
2142,KOSDAQ,039420,케이엘넷
2143,KOSDAQ,083550,케이엠
2144,KOSDAQ,032500,케이엠더블유
2145,KOSDAQ,225430,케이엠제약
2146,KOSDAQ,036030,케이티알파
2147,KOSDAQ,064820,케이프
2148,KOSDAQ,347140,케이프이에스제4호
2149,KOSDAQ,256940,케이피에스
2150,KOSDAQ,024880,케이피에프
2151,KOSDAQ,042040,케이피엠테크
2152,KOSDAQ,054410,케이피티유
2153,KOSDAQ,274090,켄코아에어로스페이스
2154,KOSDAQ,217600,켐온
2155,KOSDAQ,089010,켐트로닉스
2156,KOSDAQ,220260,켐트로스
2157,KOSDAQ,052400,코나아이
2158,KOSDAQ,033110,코너스톤네트웍스
2159,KOSDAQ,046070,코다코
2160,KOSDAQ,047770,코데즈컴바인
2161,KOSDAQ,078940,코드네이처
2162,KOSDAQ,080530,코디
2163,KOSDAQ,224060,코디엠
2164,KOSDAQ,104540,코렌텍
2165,KOSDAQ,027050,코리아나
2166,KOSDAQ,290510,코리아센터
2167,KOSDAQ,190650,코리아에셋투자증권
2168,KOSDAQ,101670,코리아에스이
2169,KOSDAQ,123410,코리아에프티
2170,KOSDAQ,036690,코맥스
2171,KOSDAQ,049430,코메론
2172,KOSDAQ,183300,코미코
2173,KOSDAQ,041960,코미팜
2174,KOSDAQ,089890,코세스
2175,KOSDAQ,009730,코센
2176,KOSDAQ,082660,코스나인
2177,KOSDAQ,222040,코스맥스엔비티
2178,KOSDAQ,241710,코스메카코리아
2179,KOSDAQ,069110,코스온
2180,KOSDAQ,166480,코아스템
2181,KOSDAQ,045970,코아시아
2182,KOSDAQ,196450,코아시아옵틱스
2183,KOSDAQ,029960,코엔텍
2184,KOSDAQ,102940,코오롱생명과학
2185,KOSDAQ,950160,코오롱티슈진
2186,KOSDAQ,033290,코웰패션
2187,KOSDAQ,056360,코위버
2188,KOSDAQ,282880,코윈테크
2189,KOSDAQ,121850,코이즈
2190,KOSDAQ,015710,코콤
2191,KOSDAQ,052330,코텍
2192,KOSDAQ,322780,코퍼스코리아
2193,KOSDAQ,126600,코프라
2194,KOSDAQ,200130,콜마비앤에이치
2195,KOSDAQ,294570,쿠콘
2196,KOSDAQ,317690,퀀타매트릭스
2197,KOSDAQ,365270,큐라클
2198,KOSDAQ,060280,큐렉소
2199,KOSDAQ,040350,큐로컴
2200,KOSDAQ,051780,큐로홀딩스
2201,KOSDAQ,115180,큐리언트
2202,KOSDAQ,043090,큐브앤컴퍼니
2203,KOSDAQ,182360,큐브엔터
2204,KOSDAQ,066310,큐에스아이
2205,KOSDAQ,016600,큐캐피탈
2206,KOSDAQ,043590,크로바하이텍
2207,KOSDAQ,114120,크루셜텍
2208,KOSDAQ,110790,크리스에프앤씨
2209,KOSDAQ,900250,크리스탈신소재
2210,KOSDAQ,083790,크리스탈지노믹스
2211,KOSDAQ,045520,크린앤사이언스
2212,KOSDAQ,036170,클라우드에어
2213,KOSDAQ,214150,클래시스
2214,KOSDAQ,352770,클리노믹스
2215,KOSDAQ,237880,클리오
2216,KOSDAQ,139670,키네마스터
2217,KOSDAQ,054780,키이스트
2218,KOSDAQ,219130,타이거일렉
2219,KOSDAQ,065130,탑엔지니어링
2220,KOSDAQ,023160,태광
2221,KOSDAQ,053620,태양
2222,KOSDAQ,044490,태웅
2223,KOSDAQ,124560,태웅로직스
2224,KOSDAQ,191420,테고사이언스
2225,KOSDAQ,073640,테라사이언스
2226,KOSDAQ,182690,테라셈
2227,KOSDAQ,066700,테라젠이텍스
2228,KOSDAQ,095610,테스
2229,KOSDAQ,131970,테스나
2230,KOSDAQ,089030,테크윙
2231,KOSDAQ,054450,텔레칩스
2232,KOSDAQ,091440,텔레필드
2233,KOSDAQ,200230,텔콘RF제약
2234,KOSDAQ,215480,토박스코리아
2235,KOSDAQ,051360,토비스
2236,KOSDAQ,045340,토탈소프트
2237,KOSDAQ,108230,톱텍
2238,KOSDAQ,079970,투비소프트
2239,KOSDAQ,105550,트루윈
2240,KOSDAQ,026150,특수건설
2241,KOSDAQ,322180,티라유텍
2242,KOSDAQ,117730,티로보틱스
2243,KOSDAQ,033830,티비씨
2244,KOSDAQ,057680,티사이언티픽
2245,KOSDAQ,064760,티씨케이
2246,KOSDAQ,246710,티앤알바이오팹
2247,KOSDAQ,340570,티앤엘
2248,KOSDAQ,277880,티에스아이
2249,KOSDAQ,131290,티에스이
2250,KOSDAQ,356860,티엘비
2251,KOSDAQ,062860,티엘아이
2252,KOSDAQ,321550,티움바이오
2253,KOSDAQ,104480,티케이케미칼
2254,KOSDAQ,081150,티플랙스
2255,KOSDAQ,130740,티피씨글로벌
2256,KOSDAQ,084730,팅크웨어
2257,KOSDAQ,046210,파나진
2258,KOSDAQ,034230,파라다이스
2259,KOSDAQ,033540,파라텍
2260,KOSDAQ,043200,파루
2261,KOSDAQ,214450,파마리서치
2262,KOSDAQ,208340,파멥신
2263,KOSDAQ,177830,파버나인
2264,KOSDAQ,037070,파세코
2265,KOSDAQ,150900,파수
2266,KOSDAQ,037030,파워넷
2267,KOSDAQ,047310,파워로직스
2268,KOSDAQ,170790,파이오링크
2269,KOSDAQ,049120,파인디앤씨
2270,KOSDAQ,038950,파인디지털
2271,KOSDAQ,106240,파인테크닉스
2272,KOSDAQ,131760,파인텍
2273,KOSDAQ,065690,파커스
2274,KOSDAQ,140860,파크시스템스
2275,KOSDAQ,091700,파트론
2276,KOSDAQ,032800,판타지오
2277,KOSDAQ,318010,팜스빌
2278,KOSDAQ,027710,팜스토리
2279,KOSDAQ,225590,패션플랫폼
2280,KOSDAQ,054300,팬스타엔터프라이즈
2281,KOSDAQ,068050,팬엔터테인먼트
2282,KOSDAQ,222110,팬젠
2283,KOSDAQ,263750,펄어비스
2284,KOSDAQ,251970,펌텍코리아
2285,KOSDAQ,087010,펩트론
2286,KOSDAQ,119500,포메탈
2287,KOSDAQ,022100,포스코 ICT
2288,KOSDAQ,009520,포스코엠텍
2289,KOSDAQ,189690,포시에스
2290,KOSDAQ,318020,포인트모바일
2291,KOSDAQ,256630,포인트엔지니어링
2292,KOSDAQ,141020,포티스
2293,KOSDAQ,041020,폴라리스오피스
2294,KOSDAQ,114630,폴라리스우노
2295,KOSDAQ,123010,폴라리스웍스
2296,KOSDAQ,290720,푸드나무
2297,KOSDAQ,005670,푸드웰
2298,KOSDAQ,094940,푸른기술
2299,KOSDAQ,007330,푸른저축은행
2300,KOSDAQ,093380,풍강
2301,KOSDAQ,023900,풍국주정
2302,KOSDAQ,214270,퓨쳐스트림네트웍스
2303,KOSDAQ,220100,퓨쳐켐
2304,KOSDAQ,035200,프럼파스트
2305,KOSDAQ,334970,프레스티지바이오로직스
2306,KOSDAQ,203690,프로스테믹스
2307,KOSDAQ,053610,프로텍
2308,KOSDAQ,335810,프리시젼바이오
2309,KOSDAQ,053160,프리엠스
2310,KOSDAQ,367000,플래티어
2311,KOSDAQ,075130,플랜티넷
2312,KOSDAQ,237820,플레이디
2313,KOSDAQ,023770,플레이위드
2314,KOSDAQ,300080,플리토
2315,KOSDAQ,032580,피델릭스
2316,KOSDAQ,051380,피씨디렉트
2317,KOSDAQ,241820,피씨엘
2318,KOSDAQ,237750,피앤씨테크
2319,KOSDAQ,024850,피에스엠씨
2320,KOSDAQ,319660,피에스케이
2321,KOSDAQ,031980,피에스케이홀딩스
2322,KOSDAQ,002230,피에스텍
2323,KOSDAQ,057880,피에이치씨
2324,KOSDAQ,043370,피에이치에이
2325,KOSDAQ,239890,피엔에이치테크
2326,KOSDAQ,347740,피엔케이피부임상연구센타
2327,KOSDAQ,137400,피엔티
2328,KOSDAQ,128660,피제이메탈
2329,KOSDAQ,006140,피제이전자
2330,KOSDAQ,304840,피플바이오
2331,KOSDAQ,062970,피피아이
2332,KOSDAQ,087600,픽셀플러스
2333,KOSDAQ,161580,필옵틱스
2334,KOSDAQ,347770,핌스
2335,KOSDAQ,163730,핑거
2336,KOSDAQ,332710,하나금융14호스팩
2337,KOSDAQ,341160,하나금융15호스팩
2338,KOSDAQ,343510,하나금융16호스팩
2339,KOSDAQ,363260,하나금융17호스팩
2340,KOSDAQ,299030,하나기술
2341,KOSDAQ,067310,하나마이크론
2342,KOSDAQ,372290,하나머스트7호스팩
2343,KOSDAQ,166090,하나머티리얼즈
2344,KOSDAQ,136480,하림
2345,KOSDAQ,003380,하림지주
2346,KOSDAQ,149980,하이로닉
2347,KOSDAQ,013030,하이록코리아
2348,KOSDAQ,126700,하이비젼시스템
2349,KOSDAQ,106080,하이소닉
2350,KOSDAQ,340120,하이제5호스팩
2351,KOSDAQ,377400,하이제6호스팩
2352,KOSDAQ,221840,하이즈항공
2353,KOSDAQ,106190,하이텍팜
2354,KOSDAQ,066130,하츠
2355,KOSDAQ,368770,한국9호스팩
2356,KOSDAQ,004590,한국가구
2357,KOSDAQ,039340,한국경제TV
2358,KOSDAQ,034950,한국기업평가
2359,KOSDAQ,222980,한국맥널티
2360,KOSDAQ,318000,한국바이오젠
2361,KOSDAQ,256840,한국비엔씨
2362,KOSDAQ,025550,한국선재
2363,KOSDAQ,017890,한국알콜
2364,KOSDAQ,080720,한국유니온제약
2365,KOSDAQ,063570,한국전자금융
2366,KOSDAQ,041460,한국전자인증
2367,KOSDAQ,101680,한국정밀기계
2368,KOSDAQ,039740,한국정보공학
2369,KOSDAQ,053300,한국정보인증
2370,KOSDAQ,025770,한국정보통신
2371,KOSDAQ,310870,한국제8호스팩
2372,KOSDAQ,023760,한국캐피탈
2373,KOSDAQ,054040,한국컴퓨터
2374,KOSDAQ,050540,한국코퍼레이션
2375,KOSDAQ,021650,한국큐빅
2376,KOSDAQ,053590,한국테크놀로지
2377,KOSDAQ,032300,한국파마
2378,KOSDAQ,037230,한국팩키지
2379,KOSDAQ,030520,한글과컴퓨터
2380,KOSDAQ,052600,한네트
2381,KOSDAQ,256150,한독크린텍
2382,KOSDAQ,092460,한라IMS
2383,KOSDAQ,047080,한빛소프트
2384,KOSDAQ,070590,한솔인티큐브
2385,KOSDAQ,226440,한송네오텍
2386,KOSDAQ,042520,한스바이오메드
2387,KOSDAQ,078350,한양디지텍
2388,KOSDAQ,045100,한양이엔지
2389,KOSDAQ,046110,한일네트웍스
2390,KOSDAQ,024740,한일단조
2391,KOSDAQ,005860,한일사료
2392,KOSDAQ,123840,한일진공
2393,KOSDAQ,007770,한일화학
2394,KOSDAQ,079170,한창산업
2395,KOSDAQ,086960,한컴MDS
2396,KOSDAQ,054920,한컴위드
2397,KOSDAQ,002680,한탑
2398,KOSDAQ,066110,한프
2399,KOSDAQ,317320,한화에스비아이스팩
2400,KOSDAQ,340440,한화플러스제1호스팩
2401,KOSDAQ,386580,한화플러스제2호스팩
2402,KOSDAQ,034810,해성산업
2403,KOSDAQ,076610,해성옵틱스
2404,KOSDAQ,059270,해성티피씨
2405,KOSDAQ,220180,핸디소프트
2406,KOSDAQ,900270,헝셩그룹
2407,KOSDAQ,084990,헬릭스미스
2408,KOSDAQ,170030,현대공업
2409,KOSDAQ,319400,현대무벡스
2410,KOSDAQ,048410,현대바이오
2411,KOSDAQ,052260,현대바이오랜드
2412,KOSDAQ,016790,현대사료
2413,KOSDAQ,041440,현대에버다임
2414,KOSDAQ,039010,현대에이치티
2415,KOSDAQ,090850,현대이지웰
2416,KOSDAQ,092300,현우산업
2417,KOSDAQ,053660,현진소재
2418,KOSDAQ,138360,협진
2419,KOSDAQ,011080,형지I&C
2420,KOSDAQ,060560,홈센타홀딩스
2421,KOSDAQ,064240,홈캐스트
2422,KOSDAQ,039610,화성밸브
2423,KOSDAQ,126640,화신정공
2424,KOSDAQ,061250,화일약품
2425,KOSDAQ,097870,효성오앤비
2426,KOSDAQ,050090,휘닉스소재
2427,KOSDAQ,290270,휴네시온
2428,KOSDAQ,353190,휴럼
2429,KOSDAQ,090710,휴림로봇
2430,KOSDAQ,205470,휴마시스
2431,KOSDAQ,115160,휴맥스
2432,KOSDAQ,028080,휴맥스홀딩스
2433,KOSDAQ,032860,휴먼엔
2434,KOSDAQ,200670,휴메딕스
2435,KOSDAQ,065510,휴비츠
2436,KOSDAQ,215090,휴센텍
2437,KOSDAQ,243070,휴온스
2438,KOSDAQ,084110,휴온스글로벌
2439,KOSDAQ,263920,휴온스블러썸
2440,KOSDAQ,145020,휴젤
2441,KOSDAQ,024060,흥구석유
2442,KOSDAQ,010240,흥국
2443,KOSDAQ,189980,흥국에프엔비
2444,KOSDAQ,037440,희림
2445,KOSDAQ,238490,힘스
2446,KONEX,278990,EMB
2447,KONEX,112190,KC산업
2448,KONEX,183410,골프존데카
2449,KONEX,076340,관악산업
2450,KONEX,243870,굿센
2451,KONEX,244880,나눔테크
2452,KONEX,288490,나라소프트
2453,KONEX,257990,나우코스
2454,KONEX,086220,네추럴FNP
2455,KONEX,317860,노드메이슨
2456,KONEX,229500,노브메타파마
2457,KONEX,323350,다원넥스뷰
2458,KONEX,086080,다이노나
2459,KONEX,271850,다이오진
2460,KONEX,343090,단디바이오
2461,KONEX,178600,대동고려삼
2462,KONEX,114920,대주이엔티
2463,KONEX,302920,더콘텐츠온
2464,KONEX,348840,데이드림엔터
2465,KONEX,199150,데이터스트림즈
2466,KONEX,227420,도부마스크
2467,KONEX,176750,듀켐바이오
2468,KONEX,163430,디피코
2469,KONEX,285770,라이프사이언스테크놀로지
2470,KONEX,200350,래몽래인
2471,KONEX,092590,럭스피아
2472,KONEX,179720,렌딩머신
2473,KONEX,238500,로보쓰리
2474,KONEX,162120,루켄테크놀러지스
2475,KONEX,253610,루트락
2476,KONEX,200580,메디쎄이
2477,KONEX,233250,메디안디노스틱
2478,KONEX,236340,메디젠휴먼케어
2479,KONEX,267060,명진홀딩스
2480,KONEX,322970,무진메디
2481,KONEX,208890,미래엔에듀파트너
2482,KONEX,225850,미애부
2483,KONEX,281310,바이오시네틱스
2484,KONEX,266470,바이오인프라생명과학
2485,KONEX,199290,바이오프로테크
2486,KONEX,222160,바이옵트로
2487,KONEX,206950,볼빅
2488,KONEX,191600,블루탑
2489,KONEX,215050,비엔디생활건강
2490,KONEX,148780,비플라이소프트
2491,KONEX,210120,빅텐츠
2492,KONEX,266170,뿌리깊은나무들
2493,KONEX,067370,선바이오
2494,KONEX,258250,셀젠텍
2495,KONEX,185190,수프로
2496,KONEX,258540,스템랩
2497,KONEX,260870,시그넷이브이
2498,KONEX,232830,시큐센
2499,KONEX,217320,썬테크
2500,KONEX,236030,씨알푸드
2501,KONEX,103660,씨앗
2502,KONEX,245450,씨앤에스링크
2503,KONEX,286000,씨엔티드림
2504,KONEX,149010,아이케이세미콘
2505,KONEX,223220,아이피몬스터
2506,KONEX,149300,아퓨어스
2507,KONEX,251280,안지오랩
2508,KONEX,267810,앙츠
2509,KONEX,179530,애드바이오텍
2510,KONEX,224810,엄지하우스
2511,KONEX,270210,에스알바이오텍
2512,KONEX,260970,에스앤디
2513,KONEX,158300,에스에이티이엔지
2514,KONEX,086460,에스엔피제네틱스
2515,KONEX,246250,에스엘에스바이오
2516,KONEX,299670,에스엠비나
2517,KONEX,217910,에스제이켐
2518,KONEX,224020,에스케이씨에스
2519,KONEX,203400,에이비온
2520,KONEX,322190,에이스캠퍼
2521,KONEX,234070,에이원알폼
2522,KONEX,044990,에이치엔에스하이텍
2523,KONEX,207490,에이펙스인텍
2524,KONEX,140610,엔솔바이오사이언스
2525,KONEX,238170,엔에스엠
2526,KONEX,224760,엔에스컴퍼니
2527,KONEX,093510,엔지브이아이
2528,KONEX,276240,엘리비젼
2529,KONEX,311060,엘에이티
2530,KONEX,225860,엠앤씨생명과학
2531,KONEX,329020,오션스톤
2532,KONEX,216280,원텍
2533,KONEX,122830,원포유
2534,KONEX,140660,위월드
2535,KONEX,121060,유니포인트
2536,KONEX,084440,유비온
2537,KONEX,337840,유엑스엔
2538,KONEX,221800,유투바이오
2539,KONEX,279060,이노벡스
2540,KONEX,344860,이노진
2541,KONEX,336040,이도바이오
2542,KONEX,208850,이비테크
2543,KONEX,379390,이성씨엔아이
2544,KONEX,270020,이십일스토어
2545,KONEX,341310,이앤에치
2546,KONEX,232530,이엠티
2547,KONEX,216400,인바이츠바이오코아
2548,KONEX,211050,인카금융서비스
2549,KONEX,240340,인터코스
2550,KONEX,066830,제노텍
2551,KONEX,299480,지앤이헬스케어
2552,KONEX,135160,지오씨
2553,KONEX,250030,진코스텍
2554,KONEX,233990,질경이
2555,KONEX,140290,청광건설
2556,KONEX,327970,케어룸의료산업
2557,KONEX,189350,코셋
2558,KONEX,136660,큐엠씨
2559,KONEX,215570,크로넥스
2560,KONEX,318660,타임기술
2561,KONEX,180060,탑선
2562,KONEX,116100,태양기계
2563,KONEX,308700,테크엔
2564,KONEX,258050,테크트랜스
2565,KONEX,199800,툴젠
2566,KONEX,309900,티티씨디펜스
2567,KONEX,217880,틸론
2568,KONEX,217950,파마리서치바이오
2569,KONEX,266870,파워풀엑스
2570,KONEX,202960,판도라티비
2571,KONEX,327610,펨토바이오메드
2572,KONEX,354230,폭스소프트
2573,KONEX,303360,프로테옴텍
2574,KONEX,222670,플럼라인생명과학
2575,KONEX,150440,피노텍
2576,KONEX,242350,피엔아이컴퍼니
2577,KONEX,331660,한국미라클피플사
2578,KONEX,107640,한중엔시에스
2579,KONEX,212310,휴벡셀
